domain,validated,confidence,entity_type,evidence_pages,supporting_snippets,reasoning
orangemali.com,True,0.9,provider,https://www.orangemali.com/fr/prt-smartphone-et-tablette.html | https://www.orangemali.com/fr/pret-smartphone-et-tablette/iphone-13-mini-128gb.html,Achetez vos smartphones et tablettes à crédit sur plusieurs 12 mois et bénéficiez du meilleur de l'internet autres services associés. Offre disponible uniquement chez Orange Mali | Mensualité -- Select Mensualité -- 12 mois Couleur : Capacité 128Go L'essentiel ... Découvrez votre nouveau superpouvoir iPhone 13 mini.,"The main financing offer page explicitly mentions credit purchase of smartphones and tablets over 12 months directly from Orange Mali, and product pages show monthly installment options for specific devices. This is solid evidence that Orange Mali is a direct provider of smartphone financing, not just an affiliate or partner."
bdm-sa.com,True,0.7,unknown,https://www.bdm-sa.com/malien-residant-a-l-etranger-credit-personnel | https://www.bdm-sa.com/credit-immediat-bdm-sa-particulier,"Le crédit personnel est destiné à financer tout type de dépenses, sans aucune restriction quant à l'objet du crédit. Le client a le choix entre plusieurs formules : Le Crédit à la Consommation Le Crédit Équipement Le Crédit Auto Prêt Scolarité Prêt Tabaski | En tant que client BDM SA, obtenez jusqu'à 1 000 000 FCFA de crédit remboursable en 10 men­sualités.","No explicit mention or evidence that La Banque de Développement du Mali directly provides or finances smartphones specifically, nor that they sell or lease smartphones on installments. The bank offers general credit and personal loans with installment repayment options but without direct linkage to smartphone financing. Therefore, under the given rules, the company cannot be labeled as a provider, aggregator, or partner_only. Given these data, the appropriate entity type is 'unknown'."
ml.coinafrique.com,True,0.9,aggregator,https://ml.coinafrique.com/categorie/telephones-et-tablettes/samsung-galaxy | https://ml.coinafrique.com/categorie/telephones-et-tablettes/tecno | https://ml.coinafrique.com/annonce/telephones-et-tablettes/iphone-12-3009809,- Téléphones & Tablettes neufs et occasions - CoinAfrique - Mali Retrouvez toutes les annonces undefined neufs et occasions sur CoinAfrique. Achetez et vendez votre undefined près de chez vous. | - Téléphones & Tablettes neufs et occasions - CoinAfrique - Mali Retrouvez toutes les annonces undefined neufs et occasions sur CoinAfrique. Achetez et vendez votre undefined près de chez vous. | Téléphones & Tablettes iPhone 12 neufs et occasions au Mali - CoinAfrique Mali - 3009809 Retrouvez toutes les annonces au Mali comme Téléphones & Tablettes iPhone 12 neufs et occasions au Mali - CoinAfrique Mali,"All retrieved pages and listings indicate that Téléphones & Tablettes on ml.coinafrique.com functions as a marketplace or aggregator site listing phones for sale. There is no clear evidence of the company directly providing smartphone financing, leasing, or underwriting installment plans. Hence, based on the given evidence and rules, the entity type is aggregator."
rebtel.com,False,0.7,unknown,https://www.rebtel.com/fr/campagne/cms/mali-recharger,"Les recharges mobiles permettent d'envoyer des crédits à votre famille et à vos amis au Mali. Les crédits sont envoyés vers tous les opérateurs au Mali (Orange, Sotelma-Malitel) et sont reçus instantanément afin que votre destinataire puisse passer des appels, envoyer des SMS et acheter des données pour surfer en ligne.","The retrieved page only mentions mobile credit top-ups and does not provide any evidence that Rebtel directly offers, finances, underwrites, leases, or sells smartphones on installments, nor that it acts as an aggregator or partner for smartphone financing services. Therefore, the entity type is unknown due to lack of sufficient evidence."
seagm.com,False,0.9,unknown,https://www.seagm.com/fr/mobile-recharge/Mali,"Rechargez vos crédits de téléphone portable dans Mali , de n'importe où, à n'importe qui.","The retrieved page content focuses exclusively on mobile phone credit recharge services and does not provide any evidence that Seagm directly offers smartphone financing or related installment services. Therefore, based on the provided information, the entity type cannot be provider, aggregator, or partner_only, and is best classified as unknown for the target category."
banqueatlantique.net,False,0.8,unknown,https://www.banqueatlantique.net/bf/particuliers/anet-bf | https://www.banqueatlantique.net/bf/particuliers/credits-conso-bf | https://www.banqueatlantique.net/atlantique-mobile,"Financement de Projets Projets Domestiques Découvert sur Compte Avance sur Salaire Avance sur Rappel Prêt scolaire Crédits Conso Prêt spécial fête Prêt Ramadan Crédit Express 0% Projets Immobiliers Crédit Immobilier | Le capital est remboursé par des mensualités constantes La durée de remboursement peut être choisie librement de sorte que l’échéance mensuelle soit adaptée à votre budget | Pour des raisons de sécurité, vous ne pouvez pas utiliser simultanément l’application mobile sur plusieurs téléphones mobiles.","The retrieved pages mention various financing products including consumer credits and loans for projects, but there is no direct evidence that Banqueatlantique directly provides, finances, underwrites, leases, or sells smartphone financing specifically. The financing products appear generic or for other purposes like project or consumer credit, and there is no explicit mention of smartphone-specific financing or installment sales. Thus, the entity type is classified as unknown and validation is false due to insufficient evidence."
bamada.net,False,0.7,unknown,https://bamada.net/moov-africa-malitel-innove-lapplication-my-moov-pour-gerer-en-toute-simplicite-votre-compte-mobile-depuis-votre-smartphone-ou-tablette | https://bamada.net/malitel-douze-nouvelles-offres-pour-satisfaire-la-clientele | https://bamada.net/transfert-monetaire-moov-money-innove-encore-au-benefice-de-ses-clients,"Moov Africa Malitel innove : L’application My Moov pour gérer en toute simplicité votre compte mobile depuis votre Smartphone ou tablette | Bamada.net | Elle est disponible en application mobile et téléchargeable sur www.malitelgames.sotelma.ml sur Smartphones et tablettes Androïd. En plus de proposer ce service en exclusivité sur le marché, Malitel donne aux clients la possibilité de payer dans les jeux avec leur crédit téléphonique. | Mobimoney solution de transfert d’argent et de paiement mobile ne cesse d’évoluer et d’innover avec pour seul objectif, la satisfaction de ses clients.","None of the provided pages include any explicit evidence that Bamada or its domain bamada.net directly offers financing, installment sales, leasing, underwriting, or selling of smartphones on credit. The content mainly references mobile applications, mobile account management, mobile gaming payments, or mobile money transfers, none of which meet the task criteria for 'provider' or classify the company as an aggregator or partner_only. Therefore, due to lack of relevant evidence, the classification is 'unknown' and validation is false."
app.talk-home.com,False,0.95,unknown,https://app.talk-home.com/mobile-top-up/mali/malitel | https://cards.talk-home.com/international-calling-rates/mali-calling-card,"Send mobile top-ups to any Mali phone number in Mali instantly with Talk Home App. | Make Cheap Phone Calls to Mali | Calling Cards for Mali. Lowest rates and instant access, no Internet, no account or contract needed.","Based on the retrieved pages, the company appears to provide mobile top-up and international calling card services. There is no direct evidence that APP Talk Home offers, finances, underwrites, leases, or sells smartphone financing services directly, nor mentions partners providing such services. Thus, with the given evidence, the correct classification is 'unknown' with validation set to false."
watra.org,False,0.2,unknown,https://watra.org/mali,"Mobile Connectivity: The prevalence of mobile phone usage, especially smartphones, reflects the accessibility of digital services. The mobile penetration rate was 113.8% in 2020, with 23.1 million active mobile subscribers, according to the AMRTP. The smartphone penetration rate was 40% in 2020, with 8.1 million smartphone users, according to the G","The retrieved page from watra.org only contains statistical information related to mobile and smartphone usage but no indication that the company ARTAO or the domain watra.org directly provides smartphone financing services. There is no mention of financing, installment plans, leasing, underwriting, or selling smartphones on installments. Hence, the entity_type is unknown due to insufficient evidence."
maliactu.net,False,0.2,unknown,https://maliactu.net/moov-money-malitel-rend-les-transferts-gratuits-une-revolution-pour-ses-abonnes,"MaliActu.net est le premier site d'information en ligne du Mali. Politique, societe, economie, sport — toute l'actualite malienne en temps reel.","The only retrieved page describes the site as a general news and information platform with no evidence that the company or domain directly offers smartphone financing or related services. Therefore, the entity type is classified as unknown with low confidence due to lack of relevant information."
zhooma.com,True,0.8,unknown,https://zhooma.com/samsung-galaxy-s9-plus-64go/pid/n1654 | https://www.zhooma.com/section/telephone-tablette,nceau de maquillage Mascara Lait Haute Gamme Parfum Haute Gamme Gel de douche Téléphone & Tablette Infinix Huawei Xiaomi Samsung Tecno Tablette iPhone Itel Textile Bazin Teinté Sur Mesure Boubou Grand Boubou Tissu en fleur | ZHOOMA Mali | Téléphone & Tablette Achetez tous vos articles preférés et soyez livrez en un temps record à travers tout le Mali.,"The provided pages show that Zhooma sells smartphones and tablets but contain no explicit information about offering financing, installment sales, or leasing for smartphones. There is no indication that the company acts as a financing provider, aggregator, or partner for financing services. Therefore, according to the available evidence and rules, the classification is 'unknown' due to insufficient information."
recharge.com,True,0.8,unknown,https://www.recharge.com/fr/ml/malitel | https://www.recharge.com/en/ml/malitel,"Avec Recharge.com, vous pouvez recharger votre téléphone immédiatement. | Buy Malitel Mali recharge online ✓ Receive your code instantly by email ✓ More than 23 safe payment methods","The retrieved pages only describe services related to prepaid phone credit recharges and online purchase of recharge codes. There is no mention of direct financing, leasing, installment selling, underwriting, or selling smartphones on installments by Recharge. Therefore, based on the provided pages, the entity type is unknown with moderate confidence."
maliweb.net,False,0.2,unknown,https://www.maliweb.net/economie/telecom/paiement-mobile-et-vtc-orange-money-sintegre-a-moov-pour-transformer-la-mobilite-urbaine-3115026.html | https://www.maliweb.net/moov-money-malitel-les-transferts-dargent-entre-comptes-desormais-gratuits,Orange Finances Mobiles Mali a annoncé la signature d’un partenariat stratégique avec l’application de VTC Moov. | Content unrelated to smartphone financing or direct service provision by Maliweb.,"The retrieved pages do not provide any direct evidence that Maliweb offers, finances, underwrites, leases, or sells smartphone financing services. The mentions are about mobile payments and partnerships unrelated to providing smartphone financing. Therefore, we cannot classify Maliweb as provider, aggregator, or partner_only based on the given data, leading to an unknown classification."
mobilerecharge.com,True,0.9,unknown,https://mobilerecharge.com/send/recharge/Mali/Malitel/20Prepaid/20Credit | https://mobilerecharge.com/buy/mobile/recharge/mali,"recipient's mobile number. 6. Select the recharge amount (airtime, data, or bundle) you want to send. 7. Proceed with secure payment using a credit/debit card or PayPal. 8. The Malitel Prepaid Credit Mali mobile number is recharged instantly. | Why us? Because we have great daily offers for international airtime transfers, the credit reaches instantly the destination number and the payments are processed in a secure and reliable environment.","The provided pages only describe mobile recharge and airtime top-up services without any mention of smartphone financing or related installment or leasing services. Therefore, the company/domain does not directly provide the target category and there is no evidence they act as an aggregator or partner for smartphone financing. The evidence is sufficient to classify the entity type as unknown in relation to smartphone financing."
mali-achats.com,True,0.8,provider,https://www.mali-achats.com/boutiques/telephonie | https://www.mali-achats.com/product/1518,"Mali-achats est un site web de vente en ligne au Mali. Avec la plateforme de e-commerce Mali-achats, faîtes vos achats en ligne | iPhone X 64 Go | Mali-achats","The retrieved pages indicate that Mali-achats is an e-commerce platform directly selling smartphones online. While payment modes mention cash on delivery and other payments, the evidence does not explicitly mention financing options as a separate partner or aggregator. Given the direct sale of smartphones by Mali-achats through their own platform, it qualifies as a provider of smartphone financing in the context of installment sales or purchases via the e-commerce site."
monniz.com,False,0.9,unknown,https://monniz.com/service/forfait-internet-orange-mali | https://monniz.com/service/recharge-mobile-malitel-mali,"Avec Monniz, restez connecté facilement et rapidement au Mali avec le Forfait internet Orange. | Avec Monniz, recharger votre mobile Malitel devient un jeu d'enfant, vous permettant de rester connecté sans tracas.","Neither of the provided pages mention Monniz directly providing smartphone financing or selling smartphones on installments. Both focus on mobile internet and mobile airtime recharge services. There is no evidence that Monniz offers, finances, underwrites, leases, or sells smartphones. Therefore, based on the provided information, the entity type cannot be provider, aggregator, or partner_only, resulting in unknown with high confidence."
samsung.com,True,0.9,provider,https://www.samsung.com/africa/en/offer/ghana-s24-consumer-finance-promo | https://www.samsung.com/us/apps/samsung-wallet/installment-payments | https://www.samsung.com/ae/offer/payments,"Buy now, Pay Later Flexible financing available for up to 24 months. *Subject to terms and conditions. | Learn how to split your purchase into installments using Samsung Wallet and a compatible credit card. | Samsung Payments | Buy Now Pay Later & Installment Plans | Samsung Gulf Some purchases just can't wait. Now they don't have to with our range of flexible payment options to suit every budget!","Multiple retrieved pages from the samsung.com domain describe Samsung's direct offering of smartphone financing through installment plans and buy now pay later options. They indicate Samsung finances or sells smartphones on installment, meeting the criteria for 'provider'."
maxit.orange.com,False,0.8,unknown,https://maxit.orange.com/en/page-contry-mali.html | https://maxit.orange.com/fr/page-pays-mali.html,"You just need a credit card or another payment method accepted by Max It: bank card, Google Pay, Apple Pay, and Samsung Pay. | Puis-je recharger un numéro Malien depuis l’étranger ? Oui, vous pouvez recharger un numéro malien depuis n’importe quel pay","The retrieved pages from the domain maxit.orange.com mainly describe mobile phone credit top-up services including payment methods and international recharges. There is no mention or evidence that Max it directly offers smartphone financing, installment sales, leasing, or underwriting of the target service. Hence, based on the provided pages only, the entity type is 'unknown' as there is insufficient evidence related to smartphone financing."
doctorsim.com,False,0.9,unknown,https://www.doctorsim.com/ca-en/topup-phone/countries/mali | https://www.doctorsim.com/fr/ml/topup-phone/mali-moovafrica,"Choose the currency (US dollars o euros) and the secure payment method you prefer: PayPal , credit or debit card , Apple Pay , Google Pay , digital currencies , etc. | Top Phones Unlocks & Checks Phone Model Finder Blacklist Check Carrier Check Apple iPhone 13 Apple iPhone 17 Pro Max Apple iPhone 16 Pro Max Apple iPhone 15 Pro Max","The retrieved pages only show services related to phone top-ups, unlocking, and checking phone status. There is no direct mention of smartphone financing services, installment sales, or leasing by Doctorsim. Therefore, based on the provided evidence, it is not possible to classify the company as a provider, aggregator, or partner_only for smartphone financing."
baluwo.com,False,0.8,unknown,https://baluwo.com/fr/afrique/mali/recharge-mobile-mali,"vous pouvez recharger un téléphone portable maliens directement sur notre plateforme, de manière rapide, simple et surtout sûre.","The retrieved page only references mobile recharge services rather than any direct smartphone financing, leasing, or installment sale. There is no evidence that Baluwo finances or sells smartphones on installments. Hence it does not meet the criteria for provider, aggregator, or partner_only."
libon.com,False,0.7,unknown,https://www.libon.com/offre/ml-recharge,Install the application on your mobile and create an account 1 Buy Your minutes directly on the app or at one of our points of sale in Europe and the USA 2 Call your correspondent easi,"The retrieved page from libon.com only discusses purchasing call minutes and does not provide any indication that Libon directly provides smartphone financing or related services. Without explicit evidence of financing, leasing, or installment sales of smartphones, the correct classification is unknown."
orangemoney.fr,True,0.7,unknown,https://orangemoney.fr/envoyer-de-l-argent-au-mali,avec son téléphone portable. Voici quelques exemples : Acheter des recharges prépayées ISAGO Effectuer ses achats en toute sécurité avec le paiement marchand Sarali Payer ses factures d’eau et d’électricité en toute simplicité Renouveler son abonnement télé sans se déplacer Payer ses factures Orange Régler les frais de scolarité Payer ses courses sur Internet Rester informé de l’actualité culturelle via Orange loisir,"The retrieved page shows usage of the company's services for payments and recharges but contains no indication that Orangemoney FR directly offers smartphone financing. No evidence supports the company being a provider, aggregator, or partner_only for smartphone financing. Thus, the correct classification is unknown with moderate confidence."
bossrevolution.com,False,0.8,unknown,https://www.bossrevolution.com/en-us/country/mali/international-mobile-topup,"Download the BOSS Revolution Calling App or create your web account now. You’ll need your mobile phone and a few personal details to do this. Once downloaded or registered, you’ll be able to send credit via the app or online to recharge the balance of a mobile phone in Mali.","The provided page and content only show that Bossrevolution offers mobile airtime top-up services, with no evidence of offering, financing, underwriting, leasing, or selling smartphones on installments. Therefore, there is insufficient information to classify the company as a provider, aggregator, or partner_only for smartphone financing."
tecno-mobile.com,False,0.6,unknown,https://www.tecno-mobile.com/ml/promotionstore,"promotionstore | TECNO Smartphones promotionstore | TECNO Smartphones Téléphones PHANTOM CAMON SPARK POP All Models Comparer les modèles Accessories Tablettes Boutiques Assistance Communauté Téléphones PHANTOM CAMON SPARK POP All Models Comparer les modèles Accessories Tablettes Boutiques Assistance Communauté SAISISSEZ L'OBJET DE VOTRE RECHERCHE, PUIS APPUYEZ SUR ENTREE Rechercher TECNO Rechercher Liens rapides Deco","Based solely on the provided retrieved page, there is no clear evidence that TECNO Smartphones directly provides smartphone financing or related installment services. No mentions of financing, leasing, or partner financing programs are present. Therefore, the appropriate classification is 'unknown' due to insufficient evidence."
horonyafinance.com,False,0.2,unknown,https://www.horonyafinance.com/mali-telecommunications-moov-africa-malitel-desormais-sous-le-controle-de-letat,Invictus Media Group SARL Immeuble Wendsom à Zogona Av. du Président Thomas Sankara. OUAGADOUGOU BURKINA FASO Tel: +226 74 34 80 20 contact@horonyafinance.com,"No direct evidence from the provided page indicates that Horonyafinance offers, finances, underwrites, leases, or sells smartphone financing. The available content is unrelated to the target category ‘smartphone_financing’, and does not show partnership or aggregator roles either. Therefore, the entity type is set to unknown with low confidence."
agefaumali.com,False,0.8,unknown,https://agefaumali.com/,"AGEFAU – Pour tout le Mali connecte Rue 394, contigu à l'ex Collège Horizon : ACI 2000 +223 20 29 02 56 courrier@agefau.ml AGEFAU AGEFAU ACCUEIL PRESENTATION Missions ACTUALITES Coupe du Numérique 2ème Edition 3ème Edition Montée des Couleurs NOS PROJETS Centre Accès Universel Centres d’Accès Universel Conteneurisés Projet d’Extension de la Couverture Réseau Projet d’Accès aux Services de Télécommunications des Colle","The website content does not provide any direct evidence that the company operates as a provider, aggregator, or partner in smartphone financing. There is no clear mention of financing, installment sales, leasing, underwriting, or similar services for smartphones. Given the absence of relevant information, the entity_type is classified as unknown and validation is false with medium confidence."
mboasu.com,False,0.9,unknown,https://www.mboasu.com/en/Mali.html,Recharge a mobile in Mali. Recharge mobiles of friends and familly. We have the lowest prices!,"The provided page content only describes a mobile recharge service, with no mention of smartphone financing, underwriting, leasing, or sales on installments. No evidence supports the company directly providing the target category."
waricel.com,True,0.8,unknown,https://www.waricel.com/orange-money-transfer-mali,"Mali - Transfert d'argent Mobile Money TRANSFERT D'ARGENT INTERNATIONAL Directement sur les comptes Orange Money, MTN Mobile Money, Moov Money.","Based solely on the provided page content, Transfert d'argent Mobile Money focuses on money transfer services and does not provide any direct evidence of offering smartphone financing or associated services. Therefore, the entity type is 'unknown' as evidence for the target category is missing."
topup-balance.com,False,0.6,unknown,https://topup-balance.com/en-ml/mobile-mali,"$33.32 Unlimited eSIM, Unlimited Essential, 3 Days Unlimited eSIM, Unlimited Essential, 3 Days FROM $3.53 Orange Orange FROM $39.06 Cherry Credits Cherry Credits Recommended FROM $0.99 Free Fire Free Fire FROM $3.53 Orange Orange Pay with Cryptocurrency in Mali. 【17+】 payment methods for Mobile! ⏩ Fast, instant & secure. Recharge online & safe payment Mobile in Mali. Online mobile top-up TopUp-Balance provides a sim","The evidence from the only retrieved page shows that the company offers mobile top-up services and payment options. There is no mention of financing or selling smartphones on installments or any related service. Thus, based on the available information, the company/domain does not directly provide the target category of smartphone financing. Due to insufficient evidence, the classification is unknown."
maya.net,False,0.9,unknown,https://maya.net/esim/mali,"Travel with unlimited high-speed data in Mali with a prepaid travel eSIM. Instant activation via email, no SIM card required! eSIM for Mali - Prepaid & Unlimited Data from $4.99 | Maya Mobile","Based on the sole retrieved page, the company offers prepaid eSIM data services and does not provide any evidence of direct smartphone financing or related services. Therefore, the classification is unknown due to insufficient evidence."




domain,validated,confidence,entity_type,evidence_pages,supporting_snippets,reasoning
orangemali.com,True,0.95,provider,https://www.orangemali.com/fr/prt-smartphone-et-tablette.html,Achetez vos smartphones et tablettes à crédit sur plusieurs 12 mois et bénéficiez du meilleur de l'internet autres services associés. Offre disponible uniquement chez Orange Mali,"The content explicitly states that customers can buy smartphones and tablets on credit for several months directly from Orange Mali, confirming that they directly provide smartphone financing services, not just acting as an aggregator or referring to partners."
bdm-sa.com,True,0.8,provider,https://www.bdm-sa.com/malien-residant-a-l-etranger-credit-personnel,"Le crédit personnel est destiné à financer tout type de dépenses, sans aucune restriction quant à l'objet du crédit. Le client a le choix entre plusieurs formules : Le Crédit à la Consommation Le Crédit Équipement Le Crédit Auto Prêt Scolarité Prêt Tabaski","The company explicitly offers 'Crédit Équipement' as a form of personal credit intended to finance various expenses without restriction. This shows they directly provide financing services that can include smartphones. Hence, they qualify as a provider for smartphone financing."
ml.coinafrique.com,True,0.9,aggregator,https://ml.coinafrique.com/categorie/telephones-et-tablettes/samsung-galaxy | https://ml.coinafrique.com/annonce/telephones-et-tablettes/iphone-12-3009809,- Téléphones & Tablettes neufs et occasions - CoinAfrique - Mali Retrouvez toutes les annonces undefined neufs et occasions sur CoinAfrique. Achetez et vendez votre undefined près de chez vous. | Téléphones & Tablettes iPhone 12 neufs et occasions au Mali - CoinAfrique Mali - 3009809 Retrouvez toutes les annonces au Mali ... des milliers d'annonces et bonnes affaires à découvrir près de chez vous et partout en Afrique,"All retrieved pages are listings of phones for sale, either new or used, on the CoinAfrique platform. There is no mention or evidence that the company or domain itself offers smartphone financing, leases, or installment sales. Financing appears to be provided by third parties or not directly stated. Thus, the company acts as an aggregator directing buyers to listings rather than being a direct provider or partner-only financing page."
rebtel.com,False,0.9,unknown,https://www.rebtel.com/fr/campagne/cms/mali-recharger,"Les crédits sont envoyés vers tous les opérateurs au Mali (Orange, Sotelma-Malitel) et sont reçus instantanément afin que votre destinataire puisse passer des appels, envoyer des SMS et acheter des données pour surfer en ligne.","The retrieved page only shows that Rebtel provides mobile credit recharge services, with no indication that they provide smartphone financing directly, partner for financing, or act as an aggregator. Therefore, the entity type is unknown and the goal is not validated."
seagm.com,False,0.8,unknown,https://www.seagm.com/fr/mobile-recharge/Mali,"Rechargez vos crédits de téléphone portable dans Mali , de n'importe où, à n'importe qui.","The retrieved page only demonstrates that Seagm is involved in mobile phone recharge services. There is no mention of directly offering smartphone financing, leasing, or selling smartphones with installment plans. Therefore, based on the provided content, Seagm cannot be classified as a provider, aggregator, or partner in smartphone financing, leading to an unknown classification with no validation."
banqueatlantique.net,True,0.7,unknown,https://www.banqueatlantique.net/bf/particuliers/anet-bf | https://www.banqueatlantique.net/bf/particuliers/credits-conso-bf,Financement de Projets Projets Domestiques Découvert sur Compte Avance sur Salaire Avance sur Rappel Prêt scolaire Crédits Conso Prêt spécial fête Prêt Ramadan Crédit Express 0% Projets Immobiliers Crédit Immobilier | Le capital est remboursé par des mensualités constantes La durée de remboursement peut être choisie librement de sorte que l’échéance mensuelle soit adaptée à votre budget,"The retrieved pages show Banque Atlantique offers various loans and consumer credit products with installment repayment schemes. However, there is no direct mention of financing, selling, leasing, or underwriting smartphones specifically. The evidence is insufficient to conclude that Banque Atlantique directly provides smartphone financing. Therefore, the entity type is classified as unknown."
bamada.net,False,0.8,unknown,https://bamada.net/moov-africa-malitel-innove-lapplication-my-moov-pour-gerer-en-toute-simplicite-votre-compte-mobile-depuis-votre-smartphone-ou-tablette | https://bamada.net/malitel-douze-nouvelles-offres-pour-satisfaire-la-clientele | https://bamada.net/transfert-monetaire-moov-money-innove-encore-au-benefice-de-ses-clients,L’application My Moov pour gérer en toute simplicité votre compte mobile depuis votre Smartphone ou tablette | des clients peuvent souscrire... payer dans les jeux avec leur crédit téléphonique | Mobicash la solution de transfert d’argent et de paiement mobile,"None of the provided retrieved pages contain evidence that Bamada or the domain bamada.net directly offers smartphone financing or installment plans for smartphones. The content mainly covers mobile account management, mobile payments, and telecom services without mention of financing provision or resale on installments. According to the rules, without clear evidence of direct financing services, the entity type cannot be provider, aggregator, or partner_only, so the correct classification is unknown."
app.talk-home.com,False,0.9,unknown,https://app.talk-home.com/mobile-top-up/mali/malitel | https://cards.talk-home.com/international-calling-rates/mali-calling-card,Send mobile top-ups to any Mali phone number in Mali instantly with Talk Home App. Get 10% off on your first Malitel top-up. | Make Cheap Phone Calls to Mali | Calling Cards for Mali. Make cheap international calls to Mali from your landline or mobile.,"Based on the retrieved pages, there is no direct evidence that APP Talk Home provides, finances, underwrites, leases, or sells smartphones on installments, or offers smartphone financing. The pages focus exclusively on mobile top-ups and international calling cards, which are unrelated to smartphone financing. Therefore, the classification is unknown with a high level of confidence."
watra.org,False,0.8,unknown,https://watra.org/mali,"Mobile Connectivity: The prevalence of mobile phone usage, especially smartphones, reflects the accessibility of digital services. The mobile penetration rate was 113.8% in 2020, with 23.1 million active mobile subscribers, according to the AMRTP. The smartphone penetration rate was 40% in 2020, with 8.1 million smartphone users, according to the G","The retrieved page content only contains general information about mobile and smartphone penetration without any indication that the company or domain directly provides smartphone financing services. There is no evidence of financing, underwriting, leasing, or selling smartphones on installment. Based on the provided information, the entity type cannot be determined as provider, aggregator, or partner_only; thus, unknown is the appropriate classification."
maliactu.net,False,0.2,unknown,https://maliactu.net/moov-money-malitel-rend-les-transferts-gratuits-une-revolution-pour-ses-abonnes,"MaliActu.net est le premier site d'information en ligne du Mali. Politique, societe, economie, sport — toute l'actualite malienne en temps reel.","The retrieved page only identifies maliactu.net as a news and information portal with no direct or indirect evidence that it provides smartphone financing or related installment services. The page content is unrelated to the target category, thus failing to demonstrate that the company directly offers, finances, underwrites, leases, or sells smartphone financing services."
zhooma.com,True,0.7,unknown,https://zhooma.com/samsung-galaxy-s9-plus-64go/pid/n1654 | https://www.zhooma.com/section/telephone-tablette,Téléphone & Tablette Infinix Infinix Huawei Huawei Xiaomi Xiaomi Samsung Samsung Tecno Tecno Tablette Tablette iPad Téléphone avec touche Téléphone avec touche iPhone iPhone Itel Itel | ZHOOMA Mali | Téléphone & Tablette Achetez tous vos articles preférés et soyez livrez en un temps record à travers tout le Mali.,"The retrieved pages primarily show that Zhooma is selling smartphones and tablets. There is no explicit evidence that the company provides smartphone financing directly, underwrites, leases, or sells smartphones on installments. There is no indication that they act as an aggregator or mention third-party financing partners either. Due to the lack of relevant information about financing, the entity type must be set to 'unknown'."
recharge.com,True,0.8,unknown,https://www.recharge.com/fr/ml/malitel | https://www.recharge.com/en/ml/malitel,re plan prépayé Malitel sur Recharge.com. Il suffit de quelques tapotements ! Nous savons combien il est frustrant de ne pas avoir assez de crédit. | Recharge Malitel Mali phones online | recharge.com Buy Malitel Mali recharge online ✓ Receive your code instantly by email ✓ More than 23 safe payment methods,"The retrieved pages only describe a phone recharge service allowing customers to buy credit for phones. There is no evidence that the company directly offers smartphone financing, leases, or sells smartphones on installments. Therefore, the entity type must be 'unknown' as evidence is insufficient or unrelated to the target category."
maliweb.net,True,0.3,unknown,https://www.maliweb.net/economie/telecom/paiement-mobile-et-vtc-orange-money-sintegre-a-moov-pour-transformer-la-mobilite-urbaine-3115026.html | https://www.maliweb.net/moov-money-malitel-les-transferts-dargent-entre-comptes-desormais-gratuits,Orange Finances Mobiles Mali a annoncé la signature d’un partenariat stratégique avec l’application de VTC Moov. | Content irrelevant or insufficient for smartphone financing evidence.,"The provided pages mention partnerships and mobile payment services but do not provide direct evidence that Maliweb.net offers smartphone financing services directly. There is no indication that Maliweb underwrites, finances, leases, or sells smartphones on installments. Given the limited and ambiguous content, the classification is unknown."
mobilerecharge.com,True,0.9,unknown,https://mobilerecharge.com/send/recharge/Mali/Malitel/20Prepaid/20Credit | https://mobilerecharge.com/buy/mobile/recharge/mali,"MobileRecharge.com supports various types of mobile recharge such as airtime, data, or bundle using secure payments. | We have great daily offers for international airtime transfers, payments are processed in a secure and reliable environment.","The retrieved pages only discuss mobile recharge services (airtime, data bundles) and international airtime transfers. There is no evidence that mobilerecharge.com directly offers smartphone financing, installment sales, leasing, or underwriting of smartphone financing. Therefore, based on the provided pages, the entity type is unknown due to lack of relevant evidence."
mali-achats.com,True,0.8,unknown,https://www.mali-achats.com/boutiques/telephonie | https://www.mali-achats.com/page/modes-de-paiement,"Mali-achats est un site web de vente en ligne au Mali. Avec la plateforme de e-commerce Mali-achats, faîtes vos achats en ligne | Les achats effectués via Mali-achats, peuvent être réglés : En cash à la livraison des articles ; Via","The retrieved pages show Mali Achats is an e-commerce platform selling smartphones and accessories directly but provide no evidence that the company itself offers financing, installment payments, or leasing for smartphones. Payment methods include cash but do not indicate credit or financing services. Therefore, the entity type must be 'unknown' since no direct provision or financing of smartphone sales is evidenced."
monniz.com,False,0.9,unknown,https://monniz.com/service/forfait-internet-orange-mali | https://monniz.com/service/recharge-mobile-malitel-mali,"Payer : Procédez au paiement en utilisant l'une des méthodes disponibles. Votre recharge sera créditée instantanément sur le numéro du destinataire. Avec Monniz, restez connecté facilement et rapidement au Mali avec le Forfait internet Orange. | Payer : Procédez au paiement en utilisant votre méthode de paiement préférée. La recharge sera créditée instantanément sur le numéro du destinataire.","The provided pages only describe prepaid service recharges and internet forfaits without any indication that Monniz directly offers, finances, underwrites, leases, or sells smartphones on installment. There is no evidence that Monniz is a provider, aggregator, or partner related to smartphone financing."
samsung.com,True,0.9,provider,https://www.samsung.com/africa/en/offer/ghana-s24-consumer-finance-promo | https://www.samsung.com/us/apps/samsung-wallet/installment-payments | https://www.samsung.com/ae/offer/payments,"Buy now, Pay Later Flexible financing available for up to 24 months. *Subject to terms and conditions. Valid from Apr 15. 2024 ~ Dec 31. 2024 Buy the Galaxy S24 Now, Pay Later | Learn how to split your purchase into installments using Samsung Wallet and a compatible credit card. Flexible, smaller payment plans made simple. | Samsung Payments | Buy Now Pay Later & Installment Plans | Samsung Gulf Some purchases just can't wait. Now they don't have to with our range of flexible payment options to suit every budget!","The evidence consistently demonstrates Samsung.com promoting and offering flexible financing, installment plans, and buy now pay later payment options directly to customers purchasing smartphones. Since the financing and installment services are presented on Samsung's official domain without indication of third-party exclusivity, the company qualifies as a 'provider' of smartphone financing per the given rules."
maxit.orange.com,False,0.8,unknown,https://maxit.orange.com/en/page-contry-mali.html | https://maxit.orange.com/fr/page-pays-mali.html | https://maxit.orange.com/fr/recharge-operateur-malitel-mali.html,"You just need a credit card or another payment method accepted by Max It: bank card, Google Pay, Apple Pay, and Samsung Pay. Do I need to log in to my account every time I want to top up? Yes, you need to log in to your account to send top-ups. | Puis-je recharger un numéro Malien depuis l’étranger ? Oui, vous pouvez recharger un numéro malien depuis n’importe quel pay | Si le crédit n’est pas reçu après un certain temps, nous vous conseillons de faire vérifier le solde sur le téléphone destinataire par le bénéficiaire de la recharge","All provided pages discuss services related to mobile phone credit top-up and payment methods only, with no mention or evidence that Max it directly offers smartphone financing services such as installment plans, leasing, underwriting, or sales under the target category. Hence, the entity type is unknown as the evidence is insufficient to classify as provider, aggregator, or partner_only."
doctorsim.com,False,0.8,unknown,https://www.doctorsim.com/ca-en/topup-phone/countries/mali | https://www.doctorsim.com/fr/ml/topup-phone/mali-moovafrica,"Choose the currency (US dollars o euros) and the secure payment method you prefer: PayPal , credit or debit card , Apple Pay , Google Pay , digital currencies , etc. Don't forget to double check all the details before completing your order to speed up the process. | Mobile Top Up Italy - Iliad Top Up Ivory Coast - Orange Top Up Mali - Moov Africa Top Up Mali - Orange Top Up Spain - Vodafone Top Gift Cards Buy or Gift France - Paysafecard Top Phones Unlocks & Checks Phone Model Finder Blacklist Check Carrier Check Apple iPhone 13 Apple iPhone 17 Pro Max Apple iPhone 16 Pro Max Apple iPhone 15 Pro Max","Based only on the provided pages, Doctorsim appears to offer phone top-up and phone unlocking services but there is no evidence that it directly offers smartphone financing, installment sales, leasing, underwriting, or related services. Thus, the entity type is unknown with evidence insufficient to classify the company as a provider, aggregator, or partner_only for smartphone financing."
baluwo.com,False,0.8,unknown,https://baluwo.com/fr/afrique/mali/recharge-mobile-mali,"chez Baluwo nous vous aidons à y parvenir, car vous pouvez recharger un téléphone portable maliens directement sur notre plateforme, de manière rapide, simple et surtout sûre","The provided evidence only shows that Baluwo offers mobile phone recharge services to Mali, with no indication of smartphone financing or related installment sales. Therefore, there is insufficient evidence to classify the company as a provider, aggregator, or partner for smartphone financing."
libon.com,False,0.8,unknown,https://www.libon.com/offre/ml-recharge,Buy Your minutes directly on the app or at one of our points of sale in Europe and the USA,"The provided page evidence shows that Libon offers prepaid calling minutes but does not include any indication of financing, leasing, or selling smartphones either directly or through partners. Therefore, based on the available data, the company cannot be classified as a provider, aggregator, or partner_only for smartphone financing."
orangemoney.fr,False,0.2,unknown,https://orangemoney.fr/envoyer-de-l-argent-au-mali,avec son téléphone portable. Voici quelques exemples : Acheter des recharges prépayées ISAGO Effectuer ses achats en toute sécurité avec le paiement marchand Sarali Payer ses factures d’eau et d’électricité en toute simplicité Renouveler son abonnement télé sans se déplacer Payer ses factures Orange Régler les frais de scolarité Payer ses courses sur Internet Rester informé de l’actualité culturelle via Orange loisir,"The provided page content does not include any clear evidence that Orangemoney FR directly offers, finances, underwrites, leases, or sells smartphones or smartphone financing services. The examples relate to payments and recharges, which are unrelated to smartphone financing. No partner or aggregator relationship is indicated either. Therefore, the entity type must be 'unknown' due to insufficient evidence."
bossrevolution.com,False,0.6,unknown,https://www.bossrevolution.com/en-us/country/mali/international-mobile-topup,You’ll be able to send credit via the app or online to recharge the balance of a mobile phone in Mali.,"The provided page from bossrevolution.com exclusively describes mobile airtime top-up functionality and contains no mention or indication of the company directly offering smartphone financing services, installment plans, or related financial products. Thus, based on the supplied pages, the entity type is classified as 'unknown' due to insufficient evidence."
tecno-mobile.com,False,0.2,unknown,https://www.tecno-mobile.com/ml/promotionstore,"promotionstore | TECNO Smartphones promotionstore | TECNO Smartphones Téléphones PHANTOM CAMON SPARK POP All Models Comparer les modèles Accessories Tablettes Boutiques Assistance Communauté Téléphones PHANTOM CAMON SPARK POP All Models Comparer les modèles Accessories Tablettes Boutiques Assistance Communauté SAISISSEZ L'OBJET DE VOTRE RECHERCHE, PUIS APPUYEZ SUR ENTREE Rechercher TECNO Rechercher Liens rapides Deco","The single retrieved page from the domain contains no explicit mention of TECNO Smartphones directly providing financing, installment payment options, leasing, or related smartphone financing services. There is no indication that TECNO acts as a provider, aggregator, or partner_only in financing. Given the absence of relevant evidence, the entity type is set to unknown with low confidence."
horonyafinance.com,False,0.1,unknown,https://www.horonyafinance.com/mali-telecommunications-moov-africa-malitel-desormais-sous-le-controle-de-letat,Invictus Media Group SARL Immeuble Wendsom à Zogona Av. du Président Thomas Sankara. OUAGADOUGOU BURKINA FASO Tel: +226 74 34 80 20 contact@horonyafinance.com,"The retrieved page contains no evidence that Horonyafinance directly offers smartphone financing, acts as an aggregator, or partners with other financing providers. Based on the provided page, there is insufficient information to classify the company in any of the allowed entity types."
agefaumali.com,False,0.3,unknown,https://agefaumali.com/,"AGEFAU – Pour tout le Mali connecte Rue 394, contigu à l'ex Collège Horizon : ACI 2000 +223 20 29 02 56 courrier@agefau.ml AGEFAU AGEFAU ACCUEIL PRESENTATION Missions ACTUALITES Coupe du Numérique 2ème Edition 3ème Edition Montée des Couleurs NOS PROJETS Centre Accès Universel Centres d’Accès Universel Conteneurisés Projet d’Extension de la Couverture Réseau Projet d’Accès aux Services de Télécommunications des Colle","The retrieved page from agefaumali.com contains no explicit information or indication that the company directly provides, finances, underwrites, leases, or sells smartphones on installments. Therefore, based on the given evidence and rules, the entity type cannot be confidently determined and defaults to 'unknown'."
mboasu.com,False,0.7,unknown,https://www.mboasu.com/en/Mali.html,Recharge a mobile in Mali. Recharge mobiles of friends and familly. We have the lowest prices!,"The only retrieved page content is about recharging mobile phones in Mali and does not contain any information about financing, selling on installments, leasing or underwriting smartphone financing. Therefore, there is insufficient evidence to classify the company as a provider, aggregator, or partner_only for smartphone financing."
waricel.com,False,0.8,unknown,https://www.waricel.com/orange-money-transfer-mali,"Mali - Transfert d'argent Mobile Money TRANSFERT D'ARGENT INTERNATIONAL Directement sur les comptes Orange Money, MTN Mobile Money, Moov Money.","The retrieved page only provides information about money transfer services via Mobile Money platforms. There is no mention or evidence that the company directly offers smartphone financing services, nor is there evidence of being an aggregator or a partner only. Therefore, the classification is 'unknown'."
topup-balance.com,False,0.7,unknown,https://topup-balance.com/en-ml/mobile-mali,"$33.32 Unlimited eSIM, Unlimited Essential, 3 Days Unlimited eSIM, Unlimited Essential, 3 Days FROM $3.53 Orange Orange FROM $39.06 Cherry Credits Cherry Credits Recommended FROM $0.99 Free Fire Free Fire FROM $3.53 Orange Orange Pay with Cryptocurrency in Mali. 【17+】 payment methods for Mobile! ⏩ Fast, instant & secure. Recharge online & safe payment Mobile in Mali. Online mobile top-up TopUp-Balance provides a sim","The only retrieved page shows evidence of mobile top-up services without any mention of financing, leasing, or installment sales of smartphones. Therefore, there is insufficient evidence that Topup Balance directly provides smartphone financing."
maya.net,False,0.8,unknown,https://maya.net/esim/mali,"Travel with unlimited high-speed data in Mali with a prepaid travel eSIM. Instant activation via email, no SIM card required! eSIM for Mali - Prepaid & Unlimited Data from $4.99 | Maya Mobile","Based on the retrieved page content, the company maya.net provides prepaid data and eSIM services, but there is no evidence that it directly offers smartphone financing or related installment services. The company description and page content focus solely on prepaid data, which is unrelated to the target category smartphone_financing."
rechargemobile.co,False,0.9,unknown,https://www.rechargemobile.co/fr/mali,"Rechargez en ligne votre mobile au Mali - Recharge Mobile Achetez en ligne du crédit téléphonique pour recharger un numéro prépayé au Mali, pour vous ou vos proches.","The retrieved page content indicates that Rechargemobile provides online mobile airtime top-up services but does not mention directly providing smartphone financing, installment sales, leasing, or underwriting. Therefore, it does not meet the criteria for provider, aggregator, or partner_only related to smartphone financing. Due to insufficient evidence, the classification is unknown."
allo.monisnap.com,True,0.9,unknown,https://allo.monisnap.com/gb/countries/ml/operators/malitel | https://allo.monisnap.com/fr/pays/ml,"Monisnap offers you to top up the mobile of your relatives abroad in a few seconds. It is very simple: Choose the Malitel top-up Enter the phone number to top up Mali Pay online on Monisnap There you go, the top-up is credited to your beneficiary's phone in a few seconds | Rechargez du crédit d'appel, SMS et internet pour vous ou vos proches au Mali avec Orange, Boomplay, Malitel, Telecel.","All retrieved pages describe Monisnap as a platform for mobile phone credit top-ups and recharges to beneficiaries abroad. There is no mention or indication that Monisnap directly provides, finances, underwrites, leases, or sells smartphones on installments. The company does not appear to be an aggregator or a partner-only financing facilitator either from the content. Therefore, the entity type is unknown due to insufficient evidence regarding smartphone financing."
dgi.gouv.ml,True,0.9,unknown,https://www.dgi.gouv.ml/ | https://www.dgi.gouv.ml/reel | https://www.dgi.gouv.ml/comment-obtenir-des-renseignements-sur-nos-bureaux,"Direction Générale des Impôts du Mali Impôt du mali : une administration fiscale a l'écoute des maliens. | TECHNIQUE SYSTEM TAXE/VALEUR AJOUTEE ... LE FINANCEMENT DIVERS PROJETS - BTP ... | Direction Générale des Impôts Hamdallaye ACI 2000, Bamako ...","Based on the provided pages, the company DGI Gouv ML is a government tax authority with no indication it provides, finances, underwrites, leases, or sells smartphones on installments. No mention or evidence of smartphone financing services or partnerships for financing was found, so the classification is 'unknown'."
financesonefiles.worldbank.org,True,0.9,unknown,https://blogs.worldbank.org/en/africacan/digital-financial-services-can-bring-inclusion-and-growth-mali | https://financesonefiles.worldbank.org/f-one/DS01154/Contract/Awards/in/Investment/Project/Financing///for/Projects/in/Africa/region.csv,"people like Moussa can not only call home, but they can also send money, save money, and access insurance and credit through their phones. | La mise à jour et l'extension du système de gestion de données et des paiements du Financement Basé sur les Résultats (FBR) au Cameroun","The provided documents discuss digital financial services, financing projects, and related data management but do not contain any direct evidence that the company 'Financesonefiles Worldbank' or the domain 'financesonefiles.worldbank.org' provides smartphone financing services directly (such as financing, underwriting, leasing, or installment sales of smartphones). Therefore, the company/entity type is unknown based on the given data."
bceao.int,,0.0,unknown,,,No relevant evidence pages were retrieved for validation.
paybindi.com,True,0.8,provider,https://paybindi.com/,"technologie PAYBINDI Lock peut verrouiller le smartphone si le solde n’est pas payé selon l’échéancier convenu. Cela assure la sécurité du financement et protège votre investissement. Notre sélection Redmi Voir les produits Xiaomi Redmi Note 12 Pro 5G – 256Go – 8Go Ram – 50Mp – 2 Nano-SIMs 190,000 CFA Location avec option achat","The retrieved pages describe Paybindi offering smartphone financing directly, including leasing with purchase options and a lock technology that secures the financed smartphone until payments are made. There is no indication that financing is provided by partners or that the site functions solely as an aggregator. Therefore, Paybindi qualifies as a provider for smartphone financing."
boamali.com,False,0.8,unknown,https://www.boamali.com/particuliers/prets/pret-personnel | https://www.boamali.com/particuliers/prets,Le Prêt Personnel est un prêt à moyen terme sur maximum 84 mois destiné à financer l’achat de biens de consommation ou d’équipement | Découvrez les solutions de prêts de BANK OF AFRICA !,"The retrieved pages mention personal loans for acquiring goods or equipment, but none explicitly state financing, selling, or leasing smartphones specifically or via installment plans. There is no direct evidence that Bank of Africa Mali directly offers 'smartphone_financing' as a targeted service, nor mentions partnerships or aggregators related to this category. Therefore, based on the provided pages only, the status is 'unknown'."
pixmania.com,False,0.3,unknown,https://www.pixmania.com/fr/fr/smartphones-samsung.html | https://www.pixmania.com/fr/fr/smartphones-iphone.html,Samsung Galaxy - Paiement en plusieurs fois Retrouvez tous les modèles de Smartphones Samsung neufs et reconditionnés. | aucun problème que se soit au niveau du financement ou du service client,"The retrieved pages mention payment options and financing in general terms but do not clearly show that Pixmania directly offers, finances, underwrites, leases, or sells smartphones on installments. The evidence is ambiguous and insufficient to classify the company as a provider, aggregator, or partner_only for the target category. Thus, the entity type is set to unknown with low confidence."
wearetech.africa,False,0.8,unknown,https://www.wearetech.africa/fr/fils/solutions/senegal-nixacom-propose-des-paiements-echelonnes-pour-des-produits-tech,"Elle permet de se procurer des gadgets technologiques en payant en plusieurs tranches, grâce à un système BNPL (Buy Now, Pay Later, soit Achetez maintenant, payez plus tard). On y retrouve entre autres des smartphones, des tablettes","The retrieved pages mention installment payments (BNPL) for smartphones and tech products related to Nixacom, but do not explicitly state that Wearetech Africa directly provides, finances, underwrites, leases, or sells smartphone financing. The evidence is insufficient and ambiguous, so the classification is unknown and validation is false."
afgbankmali.com,False,0.7,unknown,https://afgbankmali.com/epargne-placements | https://afgbankmali.com/credit,"Prêt À son terme, le PEP donne droit à crédit à un taux préférentiel. Il permet d’emprunter à hauteur de deux fois le capital déposé, hors intérêt. Il ne peut excéder 4 000 000 FCFA. | Votre conseiller détermine le montant du prêt et des mensualités. Quel est le taux d’intérêt du prêt immobilier ? Le taux d’intérêt du prêt immobilier est négociable.","The retrieved pages mention general credit and loan services but do not provide evidence that the company directly offers, finances, underwrites, leases, or sells smartphones or smartphone financing installment plans. There is also no indication that financing is provided by a partner or that the site is an aggregator. Therefore, the entity type is unknown due to insufficient information."
apple.com,True,0.9,provider,https://support.apple.com/fr-ml/guide/apple-card-web-servicing/devf02de526c/web | https://www.apple.com/fr/shop/browse/financing,View details about your Apple Card Monthly Installments in a web browser. You can also make early payments toward your installment balance. | Découvrez comment faire reprendre votre appareil et profiter d’options de financement et de paiement par mensualités sur vos produits Apple préférés.,"The retrieved pages show Apple offers 'Apple Card Monthly Installments' and detailed financing options on their own store for Apple products. This demonstrates Apple directly provides the smartphone financing service and is not just an aggregator or partner. Therefore, the entity type is 'provider' with high confidence."
trustonic.com,True,0.8,provider,https://www.trustonic.com/device-locking/carriers | https://www.trustonic.com/opinion/redefining-smartphone-purchases-in-africa-with-buy-now-pay-later,"Trustonic's device financing solution for carriers opens new revenue generation opportunities for MNOs & reduces the risks of bad debt. | By allowing customers to acquire products and pay in instalments, this model transforms Africa’s financial landscape and becomes synonymous with the future of shopping for gadgets, especially smartphones.","The provided pages describe Trustonic offering a device financing solution for carriers and promoting a buy-now-pay-later approach for acquiring smartphones, which aligns with direct provision of smartphone financing services. There is no indication that financing is provided solely by a partner or that the site functions as an aggregator or unrelated entity."
hps-worldwide.com,False,0.3,unknown,https://www.hps-worldwide.com/blog/buy-now-pay-later-shaping-global-credit-and-commerce,"Buy Now, Pay Later: Shaping Global Credit and Commerce | HPS Worldwide Insights Blog Careers Locations Contact Us About HPS Your Business Card Issuing Credit Management Merchant Acquiring Fraud Monitoring Retail Payment e/m Commerce Payment Analytics Mobile Payment ATM Management POS Management Investor Relations Financial Press Release Financial Reports Investors Presentations General Assemblees HPS Stock Quote Stat","The only retrieved page from the HPS Worldwide domain is a blog entry mentioning Buy Now, Pay Later and various payment and credit management services, but it does not explicitly state that HPS Worldwide directly provides smartphone financing. There is no clear evidence that the company finances, underwrites, leases, or sells smartphones on installment plans. Therefore, based on the provided information alone, the entity type must be classified as unknown with low confidence."
blogs.worldbank.org,False,0.2,unknown,https://blogs.worldbank.org/en/africacan/digital-financial-services-can-bring-inclusion-and-growth-mali | https://blogs.worldbank.org/fr/africacan/potentiel-des-services-financiers-numeriques-pour-favoriser-inclusion-et-croissance-au-Mali,"people like Moussa can not only call home, but they can also send money, save money, and access insurance and credit through their phones. | la technologie a la capacité de soutenir une croissance inclusive et le redressement du pays.","The retrieved pages discuss digital financial services and mobile money usage primarily in the context of financial inclusion and economic growth. There is no direct mention or evidence that Blogs Worldbank or its domain directly provides, finances, underwrites, leases, or sells smartphones on installments or offers targeted smartphone financing. The evidence does not match the criteria for provider, aggregator, or partner_only; thus, the classification is unknown with low confidence."
theses.hal.science,,0.0,unknown,,,No relevant evidence pages were retrieved for validation.
finances.ml,False,0.4,unknown,https://finances.ml/sites/default/files/2019-03/Liste/20des/20Bases/20Legales/Cat/13062016.pdf | https://finances.ml/sites/default/files/2025-05/VISION-MALI-2063.pdf,"�����,��nD'��&�����n�c��v���S�7�0���輡۩>����� �>�T�L�}6}��(��.qNǙ'�\�g��h~�b�f��bEP��RItWsr[�� 2�&��nuD�ſ]Д��h���U�����a:�� �jI�PaY�T��υ�{GZc��uu���¬B�k




domain,validated,confidence,entity_type,evidence_pages,supporting_snippets,reasoning
orangemali.com,True,0.9,partner_only,https://www.orangemali.com/fr/prt-smartphone-et-tablette.html | https://www.orangemali.com/fr/prt-smartphone-et-tablette.html,"Orange en partenariat avec Ecobank, vous offre la possibilité de payer à votre rythme et sur plusieurs mensualités des smartphones au meilleur rapport qualité/ prix. | Orange en partenariat avec Ecobank , vous offrent la possibilité de l’avoir en payant à votre rythme sur 12 mois.","The retrieved pages show that Orange Mali offers smartphone financing via a partnership with Ecobank. There is no indication that Orange Mali itself directly underwrites, finances, or sells the smartphones on installment. Hence, under the task rules, the appropriate entity_type is 'partner_only'. The evidence is clear and sufficient, validating the classification with high confidence."
bdm-sa.com,True,0.9,unknown,https://www.bdm-sa.com/ | https://www.bdm-sa.com/credit-immediat-bdm-sa | https://www.bdm-sa.com/malien-residant-a-l-etranger-credit-personnel,"La Banque de Développement du Mali Accueil ... La Banque de Développement du Mali SA a été élue Meilleure Banque de l'Afrique de l'Ouest de l'année 2018 ... | Obtenez jusqu'à 1000000 FCFA de crédit remboursable en 10 mensualités. ... Crédit immédiat BDM-SA C’est la réponse idéale à vos besoins liés à la rentrée scolaire de vos enfants, à la fête de Tabaski et aux fêtes de fin d'année. | Le crédit personnel est destiné à financer tout type de dépenses, sans aucune restriction quant à l'objet du crédit. Le client a le choix entre plusieurs formules : Le Crédit à la Consommation Le Crédit Équipement Le Crédit Auto Prêt Scolarité Prêt Tabaski","The provided pages do not contain any explicit information that La Banque de Développement du Mali offers, finances, underwrites, leases, or sells smartphones on installments. The banking products referenced include general personal loans and consumption credits without clear ties to smartphone financing. There is no indication that the company acts as an aggregator or partner only for smartphone financing. Due to insufficient and ambiguous evidence regarding the target category, the company is classified as 'unknown'."
ml.coinafrique.com,True,0.9,aggregator,https://ml.coinafrique.com/categorie/telephones-et-tablettes/samsung-galaxy | https://ml.coinafrique.com/categorie/accessoires-telephonie,Téléphones & Tablettes neufs et occasions - CoinAfrique - Mali Retrouvez toutes les annonces undefined neufs et occasions sur CoinAfrique. Achetez et vendez votre undefined près de chez vous. | Vente Location Colocation ... Electronique & Electromenager Electronique Téléphones & Tablettes ...,"All retrieved pages from the domain ml.coinafrique.com show listings of phones and accessories for sale or rent, consistent with a marketplace or aggregator business model. There is no mention of the company directly providing smartphone financing services, underwriting, leasing, or installment sales. Hence, the entity is classified as an aggregator with high confidence."
rebtel.com,True,0.9,unknown,https://www.rebtel.com/fr/campagne/cms/mali-recharger,"Envoyez la recharge à votre famille et vos amis au Mali avec les frais les plus bas possibles. Rapide, sécurisé et directement depuis votre téléphone ou votre ordinateur.","Based on the retrieved page, Rebtel offers mobile recharge and calling services but does not directly provide smartphone financing. Since no relevant evidence regarding financing smartphones is present, the entity type is 'unknown'."
seagm.com,True,0.9,unknown,https://www.seagm.com/fr/mobile-recharge/Mali,"Top Up Mali Malitel Mali Prepaid Mobile - SEAGM Reload Malitel Mali mobile credits instantly with SEAGM.com. Instant top up to your phone. Pay with Paypal, credit card, online banking and many more.","Based on the provided page, Seagm.com offers mobile recharge and prepaid mobile credit top-ups but does not directly provide smartphone financing services. There is no evidence of financing, leasing, installment sales, or underwriting of smartphones. Therefore, the company cannot be classified as a provider, aggregator, or partner_only for smartphone financing. The evidence is sufficient to classify as unknown."
banqueatlantique.net,True,0.8,unknown,https://www.banqueatlantique.net/bf/particuliers/credits-conso-bf | https://www.banqueatlantique.net/bf/particuliers/pack-smart-start-bn,"Banque Atlantique vous propose le CREDIT CONSO, une offre de prêt qui vous permet de financer vos besoins en crédit à usages multiples (besoins courants, équipement, investissement, projets divers). | Banque Atlantique en partenariat avec WIZALL MONEY, présente « PACK SMART START », une offre 100% digitale, dédiée aux jeunes de 12 à 17 ans.","The retrieved pages provide information on various banking products and services including consumer loans, digital banking apps, and partnerships with wallets like Wizall Money. However, none explicitly indicate that Banque Atlantique or its domain directly offers smartphone financing, installment plans, leasing, or direct sales of smartphones on credit. The mention of consumer credit is general and does not confirm smartphone financing specifically. Additionally, financing through partners like Wizall Money is not clearly indicated as related to smartphone financing, nor is Banque Atlantique acting exclusively as a partner-only or an aggregator for smartphone financing. Therefore, the correct classification based on the evidence and rules is 'unknown'."
bamada.net,True,0.8,unknown,https://bamada.net/moov-africa-malitel-innove-lapplication-my-moov-pour-gerer-en-toute-simplicite-votre-compte-mobile-depuis-votre-smartphone-ou-tablette | https://bamada.net/transfert-monetaire-moov-money-innove-encore-au-benefice-de-ses-clients | https://bamada.net/my-moov-toutes-les-fonctionnalites-de-moov-africa-malitel-en-un-clic,"L’application My Moov ... permet aux clients d’effectuer différentes opérations comme le paiement des factures, l’achat des forfaits, les recharges… | Moov Money, ... solutions simples et sécurisés qui vous simplifient la vie. Paiement de factures, recharger leurs comptes, payer abonnements TV, paris en ligne… | My Moov permet de contrôler solde, bonus crédit, forfaits internet, appels... et souscrire aux forfaits d’appel, internet et SMS…","None of the retrieved pages provide evidence that Bamada or the domain bamada.net directly offers, finances, leases, or sells smartphones on installment plans. The content primarily relates to telecom services, mobile money, bill payments, and telecom account management. There is no mention of their direct involvement in smartphone financing. Consequently, the entity type is 'unknown' based on the provided data."
app.talk-home.com,False,0.9,unknown,https://app.talk-home.com/mobile-top-up/mali/malitel | https://cards.talk-home.com/international-calling-rates/mali-calling-card,"Send Malitel Credit to Mali with Talk Home App Send mobile top-ups to any Mali phone number in Mali instantly with Talk Home App. | You can buy a Talk Home calling card online on our website... Purchase calling card in-store... There are over 27,000 outlets across the UK where you can buy physical Talk Home Calling Card vouchers.","The retrieved pages only show evidence of mobile top-up services and calling card sales. There is no direct evidence that APP Talk Home finances, underwrites, leases, or sells smartphones on installment plans or that it acts as a marketplace or partner facilitating smartphone financing via another provider. Therefore, the entity type is unknown with high confidence."
watra.org,True,0.8,unknown,https://watra.org/mali,"The main services offered by the operators include voice, SMS, data, internet, and mobile money.","The single retrieved page does not provide any direct or indirect evidence that the company/domain watra.org provides smartphone financing services. It only discusses general telecommunications services and mobile money in Mali without linking to smartphone installment financing. Therefore, the entity type is set as unknown due to insufficient evidence."
maliactu.net,False,0.0,unknown,https://maliactu.net/moov-money-malitel-rend-les-transferts-gratuits-une-revolution-pour-ses-abonnes,"MaliActu.net est le premier site d'information en ligne du Mali. Politique, societe, economie, sport — toute l'actualite malienne en temps reel.","There is no evidence in the retrieved page that Maliactu directly offers, finances, underwrites, leases, or sells smartphone financing services. The content shows it is an information/news site and does not indicate any role as provider, aggregator, or partner in smartphone financing."
zhooma.com,False,0.7,unknown,https://zhooma.com/samsung-galaxy-s9-plus-64go/pid/n1654 | https://www.zhooma.com/section/telephone-tablette,"Samsung Galaxy S9 Plus – 64Go | ZHOOMA Mali ZHOOMA Mali: Acheter Samsung Galaxy S9 Plus – 64Go 375 000,00 Fcfa | Achetez tous vos articles preférés et soyez livrez en un temps record à travers tout le Mali.","The retrieved pages show that Zhooma sells smartphones and tablets but provide no explicit mention or evidence that it directly finances, underwrites, leases, or sells smartphones on installments. The content mostly displays product listings and sales information without reference to financing options. Therefore, it is unclear if Zhooma directly offers smartphone financing, nor do they indicate partnership with separate financing providers. Given the missing clear evidence, the classification defaults to 'unknown' with moderate confidence."
recharge.com,True,0.9,unknown,https://www.recharge.com/en/ml/malitel,"With Recharge.com you can top up your phone immediately. To top up your Malitel plan simply select the amount you need and enter your phone number. You can pay with many trusted payment methods, such as PayPal.","The retrieved pages indicate Recharge.com offers online mobile phone recharge/top-up services only. There is no mention or evidence that Recharge.com directly provides smartphone financing services such as selling phones on installments, financing, leasing, or underwriting phone purchases. Therefore, based on the provided pages and the rules, the entity type is classified as 'unknown' since evidence is missing or insufficient to confirm direct provision of smartphone financing."
maliweb.net,False,0.1,unknown,https://www.maliweb.net/economie/telecom/paiement-mobile-et-vtc-orange-money-sintegre-a-moov-pour-transformer-la-mobilite-urbaine-3115026.html | https://www.maliweb.net/moov-money-malitel-les-transferts-dargent-entre-comptes-desormais-gratuits,Orange Finances Mobiles Mali a annoncé la signature d’un partenariat stratégique avec l’application de VTC Moov. L’objectif : faciliter le paiement des courses grâce à l’intégration de la solution Orange Money directement dans l’application de mobilité. | Content of the page does not include any mention of Maliweb providing smartphone financing services.,"The retrieved pages discuss partnerships related to mobile payments but contain no information indicating that Maliweb directly provides smartphone financing. The content is either about mobile payment solutions or general topics unrelated to smartphone financing. Therefore, based on provided evidence, the classification is 'unknown' with low confidence and validation is false."
mobilerecharge.com,True,0.8,unknown,https://mobilerecharge.com/buy/mobile/recharge/mali | https://mobilerecharge.com/send/recharge/Mali/Malitel/20Prepaid/20Credit,"Get the most out of your mobile recharge service: amazing quality and great customer service. Wait no more, join MobileRecharge.com and top up now! | Proceed with secure payment using a credit/debit card or PayPal. The Malitel Prepaid Credit Mali mobile number is recharged instantly.","The retrieved pages indicate MobileRecharge.com provides mobile recharge (airtime/data top-ups) services, but there is no evidence they directly provide smartphone financing, leasing, or installment sales. There is also no indication they act as an aggregator or partner only for such services. Therefore, the classification is 'unknown' due to lack of relevant evidence."
mali-achats.com,True,0.8,unknown,https://www.mali-achats.com/page/modes-de-paiement | https://www.mali-achats.com/boutiques/telephonie,"Pour les articles dont la valeur totale dépasse 200.000 F CFA (Deux Cent Mille Franc CFA), un paiement de 50% devra être effectué à l’avance, avant que les articles ne soient livrés à l’acheteur. Le solde pourra être réglé à la livraison, ou alors votre avance vous sera restitué, si la commande ne correspond pas à vos attentes. | Affichage 1 - 12 sur 118 ... Smartphones Apple ... Smartphones Samsung... Mali-achats est un site web de vente en ligne au Mali.","Mali Achats is a direct seller of smartphones as seen on their website; however, there is no explicit evidence that they directly provide or finance smartphones on installments or via leasing. The payment terms show a 50% upfront payment for orders above 200,000 F CFA but no clear indication this is a financing service. The company appears to be an online retailer rather than a financing provider, aggregator, or exclusive partner for smartphone financing. Hence, the entity type is 'unknown' due to insufficient evidence."
monniz.com,False,0.8,unknown,https://monniz.com/service/forfait-internet-orange-mali | https://monniz.com/service/recharge-mobile-malitel-mali,"Achetez votre Forfait internet Orange en toute confiance avec Monniz Optez pour le forfait internet Orange au Mali et profitez d'une expérience d'achat sans égale avec Monniz. | Avec Monniz, rechargez votre mobile Malitel en toute sérénité. Notre plateforme vous offre une expérience de recharge simple, rapide et sécurisée, vous permettant de rester connecté à vos proches sans tracas.","The retrieved pages demonstrate Monniz provides mobile-related services such as internet packages and mobile recharges. However, none of the content mentions financing smartphones, leasing, underwriting, or installment sales related to smartphones. Therefore, Monniz does not appear to directly provide smartphone financing, nor do they position themselves as an aggregator or a partner-only entity. The direct provision of the target category smartphone financing is not evidenced."
samsung.com,True,0.9,partner_only,https://www.samsung.com/africa/en/offer/ghana-s24-consumer-finance-promo,"Choose a financing plan from a participating bank (Access Bank, UMB, or Stanbic Bank). Fill out a loan application (available at the bank or store)... The bank will decide on your loan approval.","The evidence clearly shows that Samsung offers smartphone financing via third-party banks that approve and provide the loans. Samsung acts as a facilitator but is not the direct provider of financing or installment plans. Therefore, the company qualifies as partner_only."
maxit.orange.com,True,0.9,unknown,https://maxit.orange.com/en/page-contry-mali.html | https://maxit.orange.com/fr/page-pays-mali.html | https://maxit.orange.com/fr/recharge-operateur-malitel-mali.html,"The main operators available for top-up are: ORANGE TELECEL MALITEL... The credit is instantly sent to the recipient's phone. | Les principaux opérateurs disponibles pour un rechargement sont : ORANGE MALITEL TELECEL... Le rechargement est quasi immédiat, il ne prend que quelques secondes. | Les principaux opérateurs disponibles pour un rechargement sont : - Orange - Telecel - Moov Africa... La recharge est envoyée instantanément sur le téléphone du destinataire.","All provided evidence describes Max It as a platform for mobile credit top-ups and recharge services for Mali mobile operators. There is no indication that Max It directly offers smartphone financing through installments, leasing, or underwriting. Therefore, the company/domain does not directly provide the target category 'smartphone_financing'. Since the evidence is insufficient to determine if Max It is an aggregator or partner offering financing indirectly, the appropriate classification is 'unknown'."
doctorsim.com,True,0.9,unknown,https://www.doctorsim.com/ca-en/topup-phone/countries/mali | https://www.doctorsim.com/fr/ml/topup-phone/mali-moovafrica,"International recharge for phones: Send phone top up abroad online. Easy, reliable & with no extra fees! Secure payments and best deals available on the market. | Top up anywhere, anytime using your PC or phone. ... Topping up online with doctorSIM is completely transparent and to avoid any nasty surprises during the process you will be told the amount you will be sending, how much the phone will be recharged and, if applicable, any commissions applied. The phone will be recharged in seconds and you will also receive confirmation by e-mail.","The retrieved pages clearly describe doctorSIM's services as mobile phone recharge and airtime top-up solutions. There is no indication that doctorSIM offers smartphone financing, installment sales, leases, underwriting, or any direct financing service for smartphones. Therefore, the entity type 'provider' for smartphone financing cannot be assigned. There is also no evidence they act as an aggregator or mention financing partners. Hence, based on the given pages, the most accurate classification is 'unknown' as there is insufficient evidence related to smartphone financing."
baluwo.com,False,0.9,unknown,https://baluwo.com/fr/afrique/mali/recharge-mobile-mali,"Nous vous proposons un service exclusif de recharge de crédit au Mali. Vous pouvez recharger en ligne, sans avoir à vous déplacer, de n’importe où et à tout moment depuis votre propre mobile. Chez Baluwo, nous travaillons avec les meilleures compagnies de téléphonie mobile au Mali, notamment, Malitel, Orange et Telecel.","The retrieved page evidence shows Baluwo provides mobile credit recharge and money transfer services but does not mention financing, installment sales, leasing, underwriting, or selling smartphones on installments. Thus, there is no direct evidence that Baluwo provides smartphone financing, so the entity type is classified as 'unknown' and the goal is not validated."
libon.com,True,0.9,unknown,https://www.libon.com/offre/ml-recharge,"Buy Your minutes directly on the app or at one of our points of sale in Europe and the USA ... Call mobiles in over 160 countries, and always at the best price!","The only retrieved page describes Libon's telecom top-up and calling services without any indication of smartphone financing, installment plans, or leasing. Therefore, based on the provided evidence only, it is unknown whether Libon directly offers smartphone financing."
orangemoney.fr,False,0.8,unknown,https://orangemoney.fr/envoyer-de-l-argent-au-mali,Votre proche pourra retirer de l’argent mais également : Régler ses factures au Mali facilement auprès de sociétés partenaires directement avec son téléphone portable. ... SINGA NI MARA : offre d’épargne et de pico/micro-crédit aux particuliers.,"The retrieved page describes Orange Money services such as money transfers, bill payments, and micro-credit offers by a partner. There is no direct evidence that Orangemoney FR provides smartphone financing or installment plans. Therefore, based on the provided information, the company cannot be classified as a provider or aggregator of smartphone financing, nor as partner_only with clear financing partners. The evidence is insufficient or ambiguous for the target category."
bossrevolution.com,False,0.7,unknown,https://www.bossrevolution.com/en-us/country/mali/international-mobile-topup,"Send Mobile Recharge to Mali, Top Up in Mali Online - BOSS Revolution Get 20% OFF instantly when you recharge a mobile in Mali with $10+. Use the promo code TOPUPWEB to claim the discount","The retrieved page content exclusively describes mobile top-up and related telecommunications services without any reference to financing smartphones or providing installment payment plans. Therefore, based on the provided evidence, the company/domain does not directly provide smartphone financing services, making the classification 'unknown' due to insufficient evidence."
tecno-mobile.com,False,0.7,unknown,https://www.tecno-mobile.com/ml/promotionstore,"Decouvrez les produits TECNO, consultez les manuels en ligne, telechargez les derniers fichiers et plus encore.","The provided page content relates only to physical store locations and product information for TECNO smartphones, with no indication that TECNO itself offers financing, leasing, or installment purchase options directly. There is also no mention of financing partners or third-party financing, leaving the evidence insufficient to classify TECNO as provider, aggregator, or partner_only. Therefore, the classification is unknown."
horonyafinance.com,False,0.2,unknown,https://www.horonyafinance.com/mali-telecommunications-moov-africa-malitel-desormais-sous-le-controle-de-letat,Horonya Finance(HF)) est la principale plateforme d’information économique et financière du Burkina Faso avec une couverture intégrale de l’actualité économique et financière africaine.,"The retrieved page portrays Horonya Finance as an information platform rather than a service provider. There is no evidence that the company or domain directly offers, finances, underwrites, leases, or sells smartphones on installment plans, nor any indication it acts as an aggregator or partner. Thus, the entity type is unknown with low confidence due to insufficient data."
agefaumali.com,False,0.15,unknown,https://agefaumali.com/,Faciliter la fourniture d’un Accès Universel à l’ensemble de la population malienne grâce à l’utilisation des technologies de l’information et des communications abordables pour développement socio-économique.,"The provided page content primarily discusses the company's mission regarding universal access to telecommunications and related projects without any indication that 'Pour tout le Mali connecte' or the domain agefaumali.com directly offers smartphone financing or related installment services. There is no evidence suggesting the company is a provider, aggregator, or partner for smartphone financing, hence the classification is unknown with low confidence."
mboasu.com,False,0.9,unknown,https://www.mboasu.com/en/Mali.html,"Recharge a Mobile in Mali. Recharge mobiles of friends and familly. We have the lowest prices!... Send a gift to your loved one back at home, recharge her mobile credit directly from your home.","Based on the provided retrieved page, the company mboasu.com offers mobile airtime recharge services but there is no evidence that it directly provides smartphone financing or any related installment or leasing service. Consequently, the entity type cannot be classified as provider, aggregator, or partner_only for smartphone_financing, and is therefore unknown."
waricel.com,True,0.9,unknown,https://www.waricel.com/orange-money-transfer-mali,"Mali - Transfert d'argent Mobile Money TRANSFERT D'ARGENT INTERNATIONAL Directement sur les comptes Orange Money, MTN Mobile Money, Moov Money.","The retrieved page describes the company as providing international money transfer services through Mobile Money accounts but contains no mention of smartphone financing or related services. Therefore, according to the rules, the correct classification is 'unknown' due to insufficient evidence of providing the target category."
topup-balance.com,True,0.9,unknown,https://topup-balance.com/en-ml/mobile-mali,"TopUp-Balance provides a simple and convenient way to top up your mobile phone balance online, no matter where you are. ... Top Up Refill","The retrieved page only shows evidence that Topup Balance is a mobile phone top-up service and payment platform, without any indication that it directly offers or finances smartphones on installments or similar financing products. The target category 'smartphone_financing' is not supported by the provided evidence, so the appropriate classification is 'unknown'."
maya.net,True,0.9,unknown,https://maya.net/esim/mali,Our Mali eSIM plans are data only eSIM plans. They do not include a local number.,"The retrieved page clearly discusses prepaid and unlimited data plans related to eSIMs but does not mention any smartphone financing services directly provided by the company or domain. There is no evidence of the company financing or selling smartphones on installments, nor is there any mention of a partner providing such a service. Therefore, the company cannot be classified as a provider, aggregator, or partner_only for smartphone financing based on the given data. The appropriate classification is 'unknown' due to lack of relevant evidence."
rechargemobile.co,False,0.9,unknown,https://www.rechargemobile.co/fr/mali,"Achetez en ligne du crédit téléphonique pour recharger un numéro prépayé au Mali, pour vous ou vos proches. Paiement en ligne sécurisé, depuis partout dans le monde, recevez immédiatement du crédit (voix, data) pour les opérateurs au Mali : Malitel, Orange, Telecel...","The retrieved page only provides evidence of airtime recharge services and does not mention any direct provision, financing, underwriting, leasing, or installment sales of smartphones. Therefore, it is not a provider of smartphone financing, nor an aggregator or partner for such services based on the given data. The lack of relevant evidence leads to classifying the company as 'unknown'."
allo.monisnap.com,True,0.9,unknown,https://allo.monisnap.com/gb/countries/ml/operators/malitel | https://allo.monisnap.com/gb/countries/ml/operators/orange | https://allo.monisnap.com/fr/pays/ml,"Monisnap offers you to top up the mobile of your relatives abroad in a few seconds. It is very simple: Choose the Malitel top-up, Enter the phone number to top up Mali, Pay online on Monisnap — the top-up is credited to your beneficiary's phone in a few seconds, you don't have to do anything | Monisnap offers you to top up the mobile of your relatives abroad in a few seconds. It is very simple: Choose the Orange top-up, Enter the phone number to top up Mali, Pay online on Monisnap — the top-up is credited to your beneficiary's phone in a few seconds, you don't have to do anything | Rechargez du crédit d'appel, SMS et internet pour vous ou vos proches au Mali avec Orange, Boomplay, Malitel, Telecel","All retrieved pages indicate that Allo Monisnap directly provides mobile phone credit and data top-ups. No mention or evidence was found that it directly offers smartphone financing, installment sales, leasing, or underwriting of smartphone purchases. The company functions essentially as a top-up/payment service provider. Hence, according to the task rules, the entity_type is 'unknown' due to lack of evidence supporting direct provision of smartphone financing."
dgi.gouv.ml,True,0.9,unknown,https://www.dgi.gouv.ml/reel | https://www.dgi.gouv.ml/ | https://www.dgi.gouv.ml/comment-obtenir-des-renseignements-sur-nos-bureaux,"UR AJOUTEE 192?311 Actif D.G.E 087800928C < < M M H MINING >> SARL TAXE/VALEUR AJOUTEE 756?906 Actif D.G.E 082204517A SODIMA TAXE/VALEUR AJOUTEE 155?960 Actif D.G.E 086116719W ""EDSECG-SARL"" TAXE/VALEUR AJOUTEE 158?863 Actif D.G.E 084126000X CAPITAL DRILLING MALI-SARL TAXE/VALEUR AJOUTEE 601?768 Actif D.G.E 025017795N | actifs Qualité de service - Les engagements de la DGI (Normes de service) - Le secret professionnel - La charte du contribuable - Consultations fiscales - Plan Stratégique 2019 - 2021 - Plan Stratégique 2023 - 2025 - Plan Opérationnel 2019 - 2021 | Qualité de service - Les engagements de la DGI (Normes de service) - Le secret professionnel - La charte du contribuable - Consultations fiscales -","Across all provided pages from the domain dgi.gouv.ml, there is no evidence that the company directly provides, finances, underwrites, leases, or sells smartphone financing services. The domain appears to be focused on tax administration and public finance, with no mention of smartphone financing offerings. Therefore, based on the strict rules and the retrieved content, the company falls under the 'unknown' category due to lack of relevant evidence."
financesonefiles.worldbank.org,True,0.9,unknown,https://blogs.worldbank.org/en/africacan/digital-financial-services-can-bring-inclusion-and-growth-mali | https://blogs.worldbank.org/fr/africacan/potentiel-des-services-financiers-numeriques-pour-favoriser-inclusion-et-croissance-au-Mali | https://financesonefiles.worldbank.org/f-one/DS01154/Contract/Awards/in/Investment/Project/Financing///for/Projects/in/Africa/region.csv,"Thanks to DFS, individuals can make payments, receive remittances, access savings, credit, insurance, and investments. | Téléphonie mobile permet à des personnes comme Moussa non seulement de communiquer, mais aussi d'envoyer de l'argent, d'épargner et d'accéder à l'assurance et au crédit. | The document lists various tenders and projects related to transportation, health, and agriculture but does not mention smartphone financing or related financial products.","The evidence from all provided pages shows that the company/domain is involved in digital financial services broadly, including access to credit and digital payments, but there is no direct indication that it provides smartphone financing services itself as a provider. They appear to support or promote financial inclusion but do not directly offer financing or installment sale of smartphones. Therefore, under the given rules, the correct classification is 'unknown' due to insufficient direct evidence."
bceao.int,,0.0,unknown,,,"Domain pages were present, but none contained indexable text for validation."
paybindi.com,True,0.9,provider,https://paybindi.com/ | https://paybindi.com/accueil-mali,"Sélectionnez votre plan de paiement préféré parmi les options disponibles : hebdomadaire, bihebdomadaire ou mensuel. Payez le solde restant en plusieurs versements selon le plan que vous avez choisi, sur une période maximale de 6 mois. | Notre technologie PAYBINDI Lock peut verrouiller le smartphone si le solde n’est pas payé selon l’échéancier convenu. Cela assure la sécurité du financement et protège votre investissement.","The pages describe Paybindi offering smartphone sales with payment plans (weekly, biweekly, monthly) allowing customers to pay in installments up to 6 months. The presence of PAYBINDI Lock technology to secure payments indicates the company directly underwrites or finances these smartphones rather than acting as an intermediary or partner. Therefore, Paybindi is classified as a direct provider of smartphone financing."
boamali.com,True,0.7,unknown,https://www.boamali.com/particuliers/prets/pret-personnel,BANK OF AFRICA peut vous accorder un PRÊT PERSONNEL pour vous aider à réaliser l’achat de biens ou d’équipements sans attendre. Le Prêt Personnel est un prêt à moyen terme sur maximum 84 mois destiné à financer l’achat de biens de consommation ou d’équipement.,"The retrieved pages show that Bank of Africa - BOA-Mali offers personal loans for purchasing goods or equipment. However, there is no explicit evidence that they directly provide smartphone financing or sell smartphones on installments. Therefore, based on the provided evidence and rules, the entity type is unknown, as the evidence is insufficient or ambiguous about directly providing 'smartphone_financing'."
pixmania.com,True,0.8,provider,https://www.pixmania.com/fr/fr/telephones/smartphones.html | https://www.pixmania.com/fr/fr/smartphones-samsung.html,Paiement de 3 à 36 fois - Garanti jusqu'à 24 mois - Vendeurs Certifiés - Produits neufs et reconditionnés | Samsung Galaxy - Paiement en plusieurs fois Retrouvez tous les modèles de Smartphones Samsung neufs et reconditionnés. Tous les smartphones de vos envies sont sur Pixmania.com et toujours au meilleur prix,"The retrieved pages from pixmania.com clearly advertise the availability of payment in multiple installments (3 to 36 times) directly on smartphones. There is no indication that financing is provided by a third party only. Therefore, Pixmania acts as a provider directly offering financing options for smartphones, fulfilling the target category smartphone_financing."
wearetech.africa,True,0.9,partner_only,https://www.wearetech.africa/fr/fils/solutions/senegal-nixacom-propose-des-paiements-echelonnes-pour-des-produits-tech,"« Un client se connecte sur notre site Web et choisit le produit qu'il recherche, remplit un KYC, et une fois que nous avons reçu toutes les informations, nous voyons avec laquelle de nos institutions partenaires ils sont éligibles, nous les finançons directement à travers nous, et nous leur fournissons leur produit » a indiqué Cheikh Gueye à Disrupt Africa.","The provided content from Wearetech Africa's domain describes a model where the company facilitates smartphone financing via partner institutions, not as the direct provider or underwriter. It explicitly states financing happens 'through' their partner institutions. Thus, the company fits the 'partner_only' category under the given rules."
afgbankmali.com,False,0.9,unknown,https://afgbankmali.com/credit | https://afgbankmali.com/epargne-placements,"Quel montant pour le crédit immobilier ? En fonction de votre projet, de votre apport personnel et de votre capacité de remboursement, votre conseiller détermine le montant du prêt et des mensualités. ... Quel est le taux d’intérêt du prêt immobilier ? Le taux d’intérêt du prêt immobilier est négociable. | Prêt À son terme, le PEP donne droit à crédit à un taux préférentiel. Il permet d’emprunter à hauteur de deux fois le capital déposé, hors intérêt. Il ne peut excéder 4 000 000 FCFA.","The retrieved pages provide details about mortgage loans and credit linked to deposit plans, but no explicit evidence that Afgbankmali directly offers smartphone financing or installment plans for smartphones. There is no mention of the company financing, underwriting, leasing, or selling smartphones on installments. Thus, based on given data, the entity type is 'unknown'."





domain,validated,confidence,entity_type,evidence_pages,supporting_snippets,reasoning
orangemali.com,True,0.9,partner_only,https://www.orangemali.com/fr/prt-smartphone-et-tablette.html,"Orange en partenariat avec Ecobank, vous offre la possibilité de payer à votre rythme et sur plusieurs mensualités des smartphones au meilleur rapport qualité/ prix.","The retrieved pages indicate that Orange Mali offers smartphone financing in partnership with Ecobank, allowing customers to pay in installments. However, the financing service is explicitly described as being provided in partnership with Ecobank, implying Orange Mali is not the direct provider of the smartphone financing service. There is no evidence that Orange Mali itself underwrites, finances, leases, or sells smartphones on installments directly, only that it facilitates this through a partner. Therefore, the entity type is classified as 'partner_only' with high confidence."
bdm-sa.com,True,0.8,unknown,https://www.bdm-sa.com/credit-personnel | https://www.bdm-sa.com/credit-immediat-bdm-sa | https://www.bdm-sa.com/particuliers,"Le crédit personnel est destiné à financer tout type de dépenses, sans aucune restriction quant à l’objet du crédit. Le client a le choix entre plusieurs formules : Le Crédit à la Consommation Le Crédit Équipement Le Crédit Auto Prêt Scolarité Prêt Tabaski | En tant que client, obtenez jusqu'à 1000000 FCFA de crédit remboursable en 10 mensualités. | CRÉDITS Crédit personnel Prêt Acquéreur ACI/BDM-SA Crédit immédiat BDM-SA Crédit Immobilier","The retrieved pages show that La Banque de Développement du Mali offers general personal and immediate credits and several types of loans but do not mention any direct product or service explicitly targeting smartphone financing or installment sales of smartphones. No evidence was found that the company directly provides, finances, underwrites, leases, or sells smartphones on installment. No evidence suggests they only refer to a partner for such services either. Therefore, according to the rules, the entity type should be 'unknown'."
ml.coinafrique.com,True,0.9,aggregator,https://ml.coinafrique.com/categorie/telephones-et-tablettes/samsung-galaxy | https://ml.coinafrique.com/annonce/telephones-et-tablettes/iphone-12-3009809,Retrouvez toutes les annonces undefined neufs et occasions sur CoinAfrique. Achetez et vendez votre undefined près de chez vous. | Retrouvez toutes les annonces au Mali comme Téléphones & Tablettes iPhone 12 neufs et occasions au Mali - CoinAfrique Mali et téléchargez CoinAfrique: Des milliers d'annonces et bonnes affaires à découvrir près de chez vous et partout en Afrique.,"All retrieved pages indicate that the domain ml.coinafrique.com acts as a marketplace or classifieds site listing phones for sale from multiple sellers. There is no mention or evidence found that the company Téléphones & Tablettes or the domain directly provides smartphone financing, such as installment plans, loans, or leasing. The site functions as an aggregator listing third-party offers. Thus, according to the task rules, the entity type is aggregator with high confidence."
rebtel.com,True,0.9,unknown,https://www.rebtel.com/fr/campagne/cms/mali-recharger,"Envoyez la recharge à votre famille et vos amis au Mali avec les frais les plus bas possibles. Rapide, sécurisé et directement depuis votre téléphone ou votre ordinateur.","The retrieved page shows that Rebtel offers mobile recharge services but contains no evidence that Rebtel directly provides smartphone financing. According to the rules, a direct provider must finance, lease, or sell smartphones on installments. Since the evidence only supports mobile recharge services and no smartphone financing, the correct entity type is 'unknown'."
seagm.com,True,0.9,unknown,https://www.seagm.com/fr/mobile-recharge/Mali,Top Up Mali Malitel Mali Prepaid Mobile - SEAGM Reload Malitel Mali mobile credits instantly with SEAGM.com. Instant top up to your phone.,"The retrieved page only shows SEAGM offering mobile recharge services and prepaid mobile credits. There is no indication that SEAGM directly provides smartphone financing or related installment services. Therefore, based on the provided evidence and rules, the entity type is classified as 'unknown'."
banqueatlantique.net,True,0.9,partner_only,https://www.banqueatlantique.net/bn/particuliers/pack-smart-start-bn | https://www.banqueatlantique.net/civ/particuliers/wizall-money-ci | https://www.banqueatlantique.net/civ/particuliers/atlantique-money-ci,"Banque Atlantique en partenariat avec WIZALL MONEY, présente « PACK SMART START », une offre 100% digitale, dédiée aux jeunes de 12 à 17 ans. | Banque Atlantique vous propose l’application Wizall Money , un service Bank to Wallet pour transférer et retirer de l’argent de votre compte bancaire vers votre Wallet et vice versa quel que soit votre opérateur Mobile. | BANQUE ATLANTIQUE vous permet d’accéder aux services* « Bank to Wallet » et « Wallet to Bank » via l’offre ATLANTIQUEMONEY. Services disponibles avec les partenaires Wallets WIZALL MONEY, ORANGE MONEY, MTN MOMO, MOOV MONEY","The retrieved pages indicate Banque Atlantique provides smartphone-related financing and wallet services only in partnership with third-party providers such as WIZALL MONEY and other digital wallets. There is no evidence the bank directly finances, underwrites, sells, or leases smartphones or smartphone financing plans itself. Therefore, the entity is categorized as partner_only with high confidence."
bamada.net,False,0.9,unknown,https://bamada.net/moov-africa-malitel-innove-lapplication-my-moov-pour-gerer-en-toute-simplicite-votre-compte-mobile-depuis-votre-smartphone-ou-tablette | https://bamada.net/my-moov-toutes-les-fonctionnalites-de-moov-africa-malitel-en-un-clic | https://bamada.net/transfert-monetaire-moov-money-innove-encore-au-benefice-de-ses-clients,"L’application My Moov permet aux clients d’effectuer différentes opérations comme le paiement des factures, l’achat des forfaits, les recharges… Elle ne mentionne pas offrir un service de financement ou leasing de smartphones. | My Moov permet aux clients de contrôler leur solde, souscrire aux forfaits d’appel, internet, SMS, construire leurs forfaits, mais aucune mention d’un service de financement de smartphones. | Moov Money offre des services de transfert monétaire, paiement de factures, recharges, paris en ligne, mais aucun indicateur de financement, leasing ou vente à crédit de smartphones.","The retrieved pages from bamada.net primarily describe telecom services, mobile money, payments, and account management via the My Moov app and Moov Money service. There is no direct evidence that the company or domain offers smartphone financing such as installment sales, leasing, or underwriting smartphone purchases. References are related to mobile account management and money transfers without mention of financing phones. Per the task rules, without direct evidence, the entity type must be 'unknown' and validation fails."
app.talk-home.com,False,0.9,unknown,https://app.talk-home.com/mobile-top-up/mali/malitel | https://cards.talk-home.com/international-calling-rates/mali-calling-card,Send Malitel Credit to Mali with Talk Home App Send mobile top-ups to any Mali phone number in Mali instantly with Talk Home App. | Calling cards provide a more economic means of making international calls. Their calling rates are considerably cheaper than other services...,"The retrieved pages focus on mobile top-ups and international calling card services. There is no direct or indirect evidence that APP Talk Home provides smartphone financing services or offers installment payments, leases, or other financing-related offerings for smartphones. Therefore, according to the rules, the entity type must be 'unknown' due to missing or insufficient evidence."
watra.org,False,0.9,unknown,https://watra.org/mali,"The main services offered by the operators include voice, SMS, data, internet, and mobile money.","The retrieved page does not provide any direct or indirect evidence that ARTÃO or the domain watra.org provides smartphone financing. The content mainly discusses telecom operators and digital infrastructure in Mali without linking to the company or its financing services. Therefore, based on the provided data, the entity type cannot be classified as provider, aggregator, or partner_only, resulting in unknown."
maliactu.net,False,0.2,unknown,https://maliactu.net/moov-money-malitel-rend-les-transferts-gratuits-une-revolution-pour-ses-abonnes,"MaliActu.net est le premier site d'information en ligne du Mali. Politique, societe, economie, sport — toute l'actualite malienne en temps reel.","There is no direct evidence from the provided retrieved page that Maliactu or its domain maliactu.net directly provides, finances, underwrites, leases, or sells smartphone financing. The page is a news article unrelated to smartphone financing. Therefore, the appropriate entity type is unknown with low confidence."
zhooma.com,False,0.8,unknown,https://zhooma.com/samsung-galaxy-s9-plus-64go/pid/n1654 | https://www.zhooma.com/section/telephone-tablette,"Samsung Galaxy S9 Plus – 64Go | ZHOOMA Mali ZHOOMA Mali: Acheter Samsung Galaxy S9 Plus – 64Go 375 000,00 Fcfa | Achetez tous vos articles preférés et soyez livrez en un temps record à travers tout le Mali.","The retrieved pages from the Zhooma domain show that the company sells smartphones and tablets directly, but nowhere is there mention that they provide financing, leasing, installment sale, or underwriting of smartphone financing. There is also no indication that financing is offered by a partner either. The content is limited to product sales with no financing-related information, so the entity type cannot be established as provider, aggregator, or partner_only. Hence, per rules, classification is unknown with validation false."
recharge.com,False,0.8,unknown,https://www.recharge.com/fr/ml/malitel | https://www.recharge.com/en/ml/malitel,Rechargez les téléphones Malitel Mali en ligne | recharge.com Achetez la recharge Malitel Mali en ligne ✓ Recevez votre code instantanément par email ✓ Plus de 23 méthodes de paiement sécurisées | Buy Malitel Mali recharge online ✓ Receive your code instantly by email ✓ More than 23 safe payment methods ... top up your Malitel prepaid plan on Recharge.com.,"Both retrieved pages exclusively describe services related to mobile phone recharge/top-up for Malitel Mali and do not mention any offering related to smartphone financing, installment sales, leasing, underwriting, or direct financing. Therefore, based on the provided pages, Recharge.com does not directly provide smartphone financing, nor is it an aggregator or partner for such services. There is no evidence supporting a direct or indirect role in smartphone financing."
maliweb.net,False,0.2,unknown,https://www.maliweb.net/economie/telecom/paiement-mobile-et-vtc-orange-money-sintegre-a-moov-pour-transformer-la-mobilite-urbaine-3115026.html,Orange Finances Mobiles Mali a annoncé la signature d’un partenariat stratégique avec l’application de VTC Moov. L’objectif : faciliter le paiement des courses grâce à l’intégration de la solution Orange Money directement dans l’application de mobilité.,"The retrieved pages discuss partnerships and mobile payment solutions related to urban transport and money transfers. There is no indication that Maliweb or its domain maliweb.net directly offers smartphone financing services such as sales on installments, financing, leasing or underwriting of smartphones. The information is related to payment integrations and not direct provision of smartphone financing. Therefore, the entity type is classified as 'unknown' with validation false and low confidence."
mobilerecharge.com,True,0.9,unknown,https://mobilerecharge.com/send/recharge/Mali/Malitel/20Prepaid/20Credit | https://mobilerecharge.com/buy/mobile/recharge/mali,"MobileRecharge.com supports various types of mobile recharges for Malitel Prepaid Credit Mali... Select Mali as the mobile recharge destination... Proceed with secure payment using a credit/debit card or PayPal. | Send mobile recharge to Mali easily with MobileRecharge.com... Choose the operator and the desired type of recharge (e.g., airtime, data, bundles)... The mobile number in Mali is recharged instantly.","The retrieved pages exclusively describe mobile airtime and data recharge services. There is no evidence that MobileRecharge.com directly offers smartphone financing, leases, underwrites, or sells smartphones on installment. The service appears solely as a provider or facilitator of mobile credit top-ups, which is unrelated to the target category 'smartphone_financing'. Thus, according to the provided data and rules, the entity type is classified as 'unknown'."
mali-achats.com,True,0.9,provider,https://www.mali-achats.com/boutiques/telephonie | https://www.mali-achats.com/product/1518 | https://www.mali-achats.com/page/modes-de-paiement,"Mali-achats est un site web de vente en ligne au Mali... Avec la plateforme de e-commerce Mali-achats, faîtes vos achats en ligne en toute sécurité et avec aisance au Mali. | iPhone X 64 Go... 205.000 F CFA... Mali-achats est un site web de vente en ligne au Mali. | Les achats effectués via Mali-achats, peuvent être réglés ... Pour les articles dont la valeur totale dépasse 200.000 F CFA, un paiement de 50% devra être effectué à l’avance, avant que les articles ne soient livrés à l’acheteur.","Mali Achats is an e-commerce platform that directly sells smartphones and provides terms that indicate installment payment options. There is no information suggesting the involvement of separate financing partners or that the site is merely an aggregator or marketplace. Therefore, according to the rules, Mali Achats qualifies as a provider for smartphone financing."
monniz.com,False,0.9,unknown,https://monniz.com/service/forfait-internet-orange-mali | https://monniz.com/service/recharge-mobile-malitel-mali,"Téléchargez l'application Monniz : Rendez-vous sur le Google Play Store ou l'Apple App Store pour télécharger l'application Monniz sur votre smartphone. Créez un compte : Une fois l'application installée, ouvrez-la et suivez les instructions pour créer votre compte. Sélectionnez le produit : Dans l'interface de l'application, parcourez les options et choisissez le Forfait internet Orange qui vous convient le mieux. Payer : Procédez au paiement en utilisant l'une des méthodes disponibles. Votre recharge sera créditée instantanément sur le numéro du destinataire. | Téléchargez l'application Monniz : Rendez-vous sur votre store d'application (Google Play ou App Store) et téléchargez l'application Monniz. Créez un compte : Ouvrez l'application et suivez les instructions pour créer un compte. Sélectionnez le produit : Une fois connecté, choisissez l'option de recharge mobile Malitel. Indiquez le numéro de téléphone du destinataire et le montant de la recharge souhaitée. Payer : Procédez au paiement en utilisant votre méthode de paiement préférée. La recharge sera créditée instantanément sur le numéro du destinataire.","The retrieved pages describe Monniz as a platform for purchasing internet plans and mobile recharges through its app. There is no mention of Monniz directly providing smartphone financing, leasing, installment sales, or underwriting such services. The content focuses exclusively on purchasing prepaid services like internet and mobile credit. Therefore, there is insufficient evidence to classify Monniz as a provider, aggregator, or partner_only for smartphone financing. The classification is 'unknown' based on available evidence."
samsung.com,True,0.9,partner_only,https://www.samsung.com/africa/en/offer/ghana-s24-consumer-finance-promo | https://www.samsung.com/n/africa/installment-plans,"Flexible financing available for up to 24 months. ... Get the New Galaxy S24 in 6 Easy Steps! 1. Find Your Store: Look for a participating store selling your desired device (e.g., CompuGhana Limited or Franko Trading Limited). 2. Choose & Apply: Choose a financing plan from a participating bank (Access Bank, UMB, or Stanbic Bank). ... The bank will decide on your loan approval. They'll contact you. | Offre soumise à conditions ... Bénéficiez d'un crédit sans intérêts allant jusqu’à 24 mois pour tous les montants supérieurs à 3990 DH.* ... Votre dossier est créé, vous serez contacté pour compléter votre procédure de crédit.","The evidence from Samsung's official pages shows that smartphone financing and installment plans are available, but all financing is handled via third-party banks and stores. Samsung acts as a facilitator referencing partner banks for financing approval and loan servicing rather than directly offering, underwriting, or leasing smartphone financing. Therefore, the company/domain should be classified as partner_only for the 'smartphone_financing' target category."
maxit.orange.com,True,0.9,unknown,https://maxit.orange.com/en/page-contry-mali.html,"The main operators available for top-up are: ORANGE TELECEL MALITEL... Choose the top-up that suits your needs best to send it to your recipient's phone. Then log in to your customer account or create one. Finally, confirm your purchase and pay with your bank card. The credit is instantly sent to the recipient's phone.","The retrieved pages only reference top-up and recharge services for mobile operators, without any mention of smartphone financing, leasing, installment payments, or underwriting services directly offered by the company. Thus, the evidence is insufficient and ambiguous to classify Max it as a provider, aggregator, or partner_only for smartphone financing."
doctorsim.com,True,0.8,unknown,https://www.doctorsim.com/ca-en/topup-phone/countries/mali | https://www.doctorsim.com/fr/ml/topup-phone/mali-moovafrica,"Send phone top up abroad online. Easy, reliable & with no extra fees! Secure payments and best deals available on the market. Instant Mobile Recharges Top up any phone in a few taps. | Top up your phone in any country fast and easy. Topping up or sending money to any prepaid phone from Moov Africa Mali has never been easier.","Both retrieved pages clearly describe doctorSIM's service as an international mobile phone top-up provider, enabling users to recharge prepaid phones globally. There is no mention or indication that doctorSIM directly provides smartphone financing services such as loans, leases, installment sales, or underwriting. The evidence aligns with a mobile recharge service rather than direct smartphone financing. Therefore, the entity type is unknown due to the absence of relevant evidence affirming direct smartphone financing services."
baluwo.com,False,0.9,unknown,https://baluwo.com/fr/afrique/mali/recharge-mobile-mali,"Nous vous proposons un service exclusif de recharge de crédit au Mali Vous pouvez recharger en ligne, sans avoir à vous déplacer, de n’importe où et à tout moment depuis votre propre mobile.","The provided page only discusses mobile recharge and money transfer services and does not indicate that Baluwo directly offers smartphone financing, leasing, or installment plans. There is no evidence in the provided content that Baluwo is a provider, aggregator, or partner in smartphone financing. Therefore, the entity type is unknown and the validation is false."
libon.com,True,0.8,unknown,https://www.libon.com/offre/ml-recharge,"Buy Your minutes directly on the app or at one of our points of sale in Europe and the USA ... Call mobiles in over 160 countries, and always at the best price!","Based solely on the provided page content from libon.com, the company appears to offer telecom-related services (calling minutes, airtime top-up) but there is no indication that they directly provide smartphone financing or any installment sales or leases of smartphones. Therefore, as per the rules, the entity_type is 'unknown' since there is insufficient evidence relating to the target category 'smartphone_financing'."
orangemoney.fr,True,0.7,unknown,https://orangemoney.fr/envoyer-de-l-argent-au-mali,Votre proche pourra retirer de l'argent au Mali mais également : Régler ses achats marchands auprès des nombreux établissements acceptant les transactions Orange Money au Mali.,"The retrieved page details financial services including money transfers, bill payments, and merchant transactions provided by Orangemoney.fr but lacks any explicit mention or evidence that the company directly offers smartphone financing or installment sales of smartphones. Thus, based only on the provided retrieved page, the entity type cannot be classified as provider, aggregator, or partner_only, leading to an 'unknown' classification."
bossrevolution.com,True,0.8,unknown,https://www.bossrevolution.com/en-us/country/mali/international-mobile-topup,"Send Mobile Recharge to Mali, Top Up in Mali Online - BOSS Revolution Get 20% OFF instantly when you recharge a mobile in Mali with $10+. Use the promo code TOPUPWEB to claim the discount","The provided page from bossrevolution.com only describes mobile airtime top-up services and promotions related to recharging mobile phones. There is no mention or indication that the company directly provides smartphone financing, installment sales, leasing, or underwriting of smartphone purchases. Therefore, based on the retrieved evidence and given rules, the entity type is classified as 'unknown' due to lack of relevant evidence."
tecno-mobile.com,False,0.8,unknown,https://www.tecno-mobile.com/ml/promotionstore,"List of TECNO stores and contact details without any mention of financing, installment plans, or direct smartphone financing services.","The only provided page lists TECNO retail locations but contains no direct evidence of TECNO Smartphones providing smartphone financing services themselves. There are no mentions of installment plans or local financing offers directly from TECNO. Without explicit information showing TECNO as a provider, partner, or aggregator of smartphone financing on their site, the classification must be 'unknown' and validation is false."
horonyafinance.com,False,0.9,unknown,https://www.horonyafinance.com/mali-telecommunications-moov-africa-malitel-desormais-sous-le-controle-de-letat,Horonya Finance(HF)) est la principale plateforme d’information économique et financière du Burkina Faso avec une couverture intégrale de l’actualité économique et financière africaine.,"The only retrieved page characterizes Horonya Finance as a financial news and information platform. There is no evidence it directly provides, finances, underwrites, leases, or sells smartphones on installments or related financing. Therefore, based on the provided retrieved pages, the company cannot be confirmed as a provider, aggregator, or partner in smartphone financing."
agefaumali.com,False,0.15,unknown,https://agefaumali.com/,Faciliter la fourniture d’un Accès Universel à l’ensemble de la population malienne grâce à l’utilisation des technologies de l’information et des communications abordables,"Based on the retrieved page, AGEFAU (agefaumali.com) focuses on providing universal telecommunications access and ICT development support in Mali but does not explicitly offer, finance, lease, or sell smartphones or smartphone financing. Therefore, it cannot be classified as a provider, aggregator, or partner_only for smartphone financing based on the available evidence."
mboasu.com,False,0.9,unknown,https://www.mboasu.com/en/Mali.html,"Recharge a Mobile in Mali. Recharge a mobile in Mali. Recharge mobiles of friends and familly. We have the lowest prices! ... Send a gift to your loved one back at home, recharge her mobile credit directly from your home. No need to move to a shop, place your order online and your relative will receive his airtime directly into his phone.","The retrieved page evidence only shows that the company provides mobile recharge services and does not mention any direct involvement in smartphone financing, installment sales, leasing, or underwriting. As a result, the company's role regarding smartphone financing is unknown due to insufficient and unrelated evidence."
waricel.com,True,0.9,unknown,https://www.waricel.com/orange-money-transfer-mali,"Mali - Transfert d'argent Mobile Money TRANSFERT D'ARGENT INTERNATIONAL Directement sur les comptes Orange Money, MTN Mobile Money, Moov Money. Sûr, Économique et Pratique.","Based on the retrieved page content from waricel.com, the company provides mobile money transfer services but there is no evidence that it directly offers, finances, underwrites, leases, or sells smartphones on installments. Therefore, the company/domain cannot be classified as a provider of smartphone financing. Evidence is sufficient to conclude 'unknown' entity type as the service is unrelated."
topup-balance.com,True,0.9,unknown,https://topup-balance.com/en-ml/mobile-mali,"TopUp-Balance provides a simple and convenient way to top up your mobile phone balance online, no matter where you are.","The retrieved page clearly shows that TopUp Balance's service is focused on topping up mobile phone balances. There is no mention of smartphone financing, installment sales, leasing, or underwriting, which are required to be considered a direct provider. As such, the company does not directly offer the target 'smartphone_financing' category. No evidence suggests it acts as an aggregator or partner-only entity either, so 'unknown' is the most accurate classification."
maya.net,False,0.95,unknown,https://maya.net/esim/mali,"Can I keep my regular phone number? Yes. Installing a Mali eSIM does not replace your existing phone plan, but adds a new secondary data plan. You can keep using your regular number separately from the eSIM, or with apps like WhatsApp and iMessage. It's like giving your phone an extra superpower! Does the Mali eSIM include a local phone number? No, our Mali eSIM plans are data only eSIM plans.","The provided page content from maya.net describes prepaid and unlimited data eSIM services, including top-ups and usage, without any indication that the company offers smartphone financing in any form. No evidence of direct financing, leasing, or installment sales of smartphones is found. Therefore, the entity type is unknown as the target service is not supported by the evidence."
rechargemobile.co,True,0.9,unknown,https://www.rechargemobile.co/fr/mali,"Rechargez en ligne votre mobile au Mali - Recharge Mobile Achetez en ligne du crédit téléphonique pour recharger un numéro prépayé au Mali, pour vous ou vos proches.","The provided retrieved page only shows evidence that Rechargemobile provides mobile phone credit recharges online. There is no evidence that they directly provide smartphone financing or any related service such as installment plans or leasing. Thus, based solely on the provided page, the entity type is unknown with respect to smartphone financing."
allo.monisnap.com,True,0.9,unknown,https://allo.monisnap.com/fr/pays/ml/operateurs/malitel | https://allo.monisnap.com/fr/pays/ml,"MONI vous propose de recharger le mobile de vos proches à l'étranger en quelques secondes. C'est très simple: Choisissez la recharge Malitel Renseignez le numéro de téléphone à recharger au Mali Payez en ligne sur MONI Et voilà, la recharge est créditée sur le téléphone de votre bénéficiaire en quelques secondes, vous n'avez rien à faire 😎 ! | Rechargez du crédit d'appel, SMS et internet pour vous ou vos proches au Mali avec Orange, Boomplay, Malitel, Telecel.","All evidence across multiple pages shows that Allo Monisnap offers mobile top-up and internet credit recharge services, not smartphone financing. There is no mention of selling smartphones with financing, leasing, or underwriting the target service. Therefore the company does not directly provide smartphone financing nor aggregates or partners in financing. The appropriate classification is 'unknown' due to lack of evidence for the target service."
dgi.gouv.ml,True,0.9,unknown,https://www.dgi.gouv.ml/reel | https://www.dgi.gouv.ml/ | https://www.dgi.gouv.ml/comment-obtenir-des-renseignements-sur-nos-bureaux,"UR AJOUTEE 192?311 Actif D.G.E 087800928C M M H MINING >> SARL TAXE/VALEUR AJOUTEE ... | Qualité de service - Les engagements de la DGI (Normes de service) - Le secret professionnel - La charte du contribuable - Consultations fiscales ... | Direction Régionale des Impôts de Kidal Etambar, Kidal Téléphone : 21.85.01.48 Fax ...","The retrieved pages from the domain dgi.gouv.ml primarily focus on taxation, public finance, government fiscal management, and tax-related services. There is no evidence that the company or domain directly provides, finances, underwrites, leases, or sells smartphone financing or related installment services. There is also no indication that it acts as an aggregator or a partner-only entity for smartphone financing. Therefore, the entity type is classified as 'unknown' based on the provided evidence."
financesonefiles.worldbank.org,True,0.9,unknown,https://blogs.worldbank.org/en/africacan/digital-financial-services-can-bring-inclusion-and-growth-mali | https://blogs.worldbank.org/fr/africacan/potentiel-des-services-financiers-numeriques-pour-favoriser-inclusion-et-croissance-au-Mali,"Thanks to DFS, individuals can make payments, receive remittances, access savings, credit, insurance, and investments. | la téléphonie mobile permet à des personnes comme Moussa non seulement de communiquer, mais aussi d'envoyer de l'argent, d'épargner et d'accéder à l'assurance et au crédit.","The retrieved documents reference digital financial services and credit access broadly but provide no explicit evidence that financesonefiles.worldbank.org directly offers smartphone financing (such as financing, leasing, underwriting, or selling smartphones on installments). The mentions are general about digital payments, financial inclusion, and credit but do not demonstrate the company itself is the direct provider of the target service. Hence, the correct classification per provided rules is 'unknown' due to insufficient direct evidence."
bceao.int,,0.0,unknown,,,"Domain pages were present, but none contained indexable text for validation."
paybindi.com,True,0.9,provider,https://paybindi.com/ | https://paybindi.com/ | https://paybindi.com/,"Une fois approuvé, sélectionnez votre plan de paiement préféré parmi les options disponibles : hebdomadaire, bihebdomadaire ou mensuel. Payez le solde restant en plusieurs versements selon le plan que vous avez choisi, sur une période maximale de 6 mois. | Location avec option achat Ce produit a plusieurs variations. Les options peuvent être choisies sur la page du produit. | Pour garantir le respect des conditions de paiement, notre technologie PAYBINDI Lock peut verrouiller le smartphone si le solde n’est pas payé selon l’échéancier convenu.","The retrieved pages clearly describe Paybindi directly offering financing for smartphones through installment plans, lease-to-own options, and enforcing payment conditions via locking technology. There is no mention of a separate financing partner, so they are the direct provider of smartphone financing."
boamali.com,False,0.8,unknown,https://www.boamali.com/particuliers/prets/pret-personnel,BANK OF AFRICA peut vous accorder un PRÊT PERSONNEL pour vous aider à réaliser l’achat de biens ou d’équipements sans attendre. Le Prêt Personnel est un prêt à moyen terme sur maximum 84 mois destiné à financer l’achat de biens de consommation ou d’équipement.,"The retrieved pages show that Bank of Africa Mali offers personal loans for purchasing goods and equipment, but there is no direct or explicit mention of smartphone financing as a distinct offering or the bank directly financing, underwriting, leasing, or selling smartphones on installments. No references indicate they act as an aggregator or only mention financing via partners. Hence, based on the provided evidence, the entity type for smartphone financing is unknown and not validated."
pixmania.com,True,0.9,provider,https://www.pixmania.com/fr/fr/telephones/smartphones.html | https://www.pixmania.com/fr/fr/smartphones-samsung.html,Paiement de 3 à 36 fois - Garanti jusqu'à 24 mois - Vendeurs Certifiés - Produits neufs et reconditionnés | Samsung Galaxy - Paiement en plusieurs fois Retrouvez tous les modèles de Smartphones Samsung neufs et reconditionnés...,"The retrieved pages explicitly mention that Pixmania.com offers payment options in multiple installments (3 to 36 times) for new and reconditioned smartphones, including Samsung models. This demonstrates that the company/domain directly provides smartphone financing services rather than merely listing third parties or partners. Therefore, the entity type 'provider' is appropriate and validated with high confidence."
wearetech.africa,True,0.85,partner_only,https://www.wearetech.africa/fr/fils/solutions/senegal-nixacom-propose-des-paiements-echelonnes-pour-des-produits-tech,"Un client se connecte sur notre site Web et choisit le produit qu'il recherche, remplit un KYC, et une fois que nous avons reçu toutes les informations, nous voyons avec laquelle de nos institutions partenaires ils sont éligibles, nous les finançons directement à travers nous, et nous leur fournissons leur produit","The retrieved page describes that financing for smartphones is done through partner institutions after eligibility verification, implying Wearetech Africa is not the direct provider but coordinates with partners who provide financing. Therefore, the entity type is partner_only."
afgbankmali.com,False,0.8,unknown,https://afgbankmali.com/epargne-placements | https://afgbankmali.com/credit,"À son terme, le PEP donne droit à crédit à un taux préférentiel. Il permet d’emprunter à hauteur de deux fois le capital déposé, hors intérêt. Il ne peut excéder 4 000 000 FCFA. | Quel montant pour le crédit immobilier ? En fonction de votre projet, de votre apport personnel et de votre capacité de remboursement, votre conseiller détermine le montant du prêt et des mensualités.","Based on the retrieved pages, Afgbankmali provides consumer loans and credit services, but there is no direct evidence that the company directly provides, finances, underwrites, leases, or sells smartphones on installments. The credit discussed relates mainly to consumer loans and real estate loans without specific reference to the target category smartphone financing. Therefore, the entity type is classified as 'unknown' due to insufficient evidence."
apple.com,True,0.9,provider,https://support.apple.com/fr-ml/guide/apple-card-web-servicing/devf02de526c/web | https://www.apple.com/fr/shop/browse/financing,"When you purchase an eligible Apple product, you can choose Apple Card Monthly Installments as your payment type at checkout instead of choosing to pay in full. | Payez en plusieurs fois avec Cetelem. Lors du paiement, vous pourrez choisir les mensualités qui vous conviennent le mieux. ... Si vous souscrivez un contrat AppleCare+ pour votre nouvel appareil, un financement au taux débiteur de 0 % vous sera accordé.","The provided pages explicitly describe Apple offering smartphone financing options directly, including Apple Card Monthly Installments and installment payments via financing on the Apple Store. Therefore, Apple qualifies as a provider of smartphone financing."
trustonic.com,True,0.9,provider,https://www.trustonic.com/device-locking/carriers | https://www.trustonic.com/opinion/redefining-smartphone-purchases-in-africa-with-buy-now-pay-later,"Trustonic's device financing solution for carriers opens new revenue generation opportunities for telecom carriers in underserved markets, including prepaid plans, reducing the risks of bad debt and missed customer payments. Our telco financing solution ensures more of your device financing customers pay on time and gives you the tools to manage those that don’t. Increase smartphone affordability and grow your revenues, without increasing commercial risk. | Buy Now Pay Later (BNPL) is ... a significant financial leap forward, particularly in Africa... By allowing customers to acquire products and pay in instalments, this model transforms Africa’s financial landscape and becomes synonymous with the future of shopping for gadgets, especially smartphones.","The retrieved pages explicitly describe Trustonic offering direct device financing solutions to carriers and facilitating smartphone financing through BNPL models. They do not present themselves as intermediaries or partners but as a direct provider of smartphone financing solutions. Hence, the entity type is 'provider' with high confidence."
hps-worldwide.com,False,0.7,unknown,https://www.hps-worldwide.com/blog/buy-now-pay-later-shaping-global-credit-and-commerce,"Buy Now, Pay Later is transforming how people finance purchases and how businesses structure payment offerings... BNPL transactions are proven to increase average order value, boost conversion rates, and reduce cart abandonmen","The retrieved page provides a general discussion about BNPL trends and impacts in commerce, but does not indicate that HPS Worldwide directly offers or finances smartphone installment plans or any related services. Therefore, based on the provided evidence, it is not possible to confirm that the company is a provider or aggregator of smartphone financing, nor that it only partners for such financing. As such, the company type is marked as unknown with moderate confidence due to insufficient and indirect evidence."
blogs.worldbank.org,True,0.7,unknown,https://blogs.worldbank.org/en/africacan/digital-financial-services-can-bring-inclusion-and-growth-mali | https://blogs.worldbank.org/fr/africacan/potentiel-des-services-financiers-numeriques-pour-favoriser-inclusion-et-croissance-au-Mali,"Thanks to DFS, individuals can make payments, receive remittances, access savings, credit, insurance, and investments. Mali has a dynamic financial sector and access to financial services in Mali increased from 38% to 44% between 2017 and 2021. Mobile money increases as a share of GDP, from 21% in 2015 to 65% in 2021, with 935 mobile money accounts per 1,000 adults in 2021. | La téléphonie mobile permet à des personnes comme Moussa non seulement de communiquer, mais aussi d'envoyer de l'argent, d'épargner et d'accéder à l'assurance et au crédit. ... la technologie a la capacité de soutenir une croissance inclusive et le redressement du pays.","The retrieved pages from Blogs Worldbank discuss digital financial services and mobile money facilitating financial inclusion in Mali, including credit access. However, there is no explicit evidence in the content that Blogs Worldbank or the domain directly provides smartphone financing services through financing, underwriting, leasing, or selling on installments. The information primarily describes digital financial services in the market and the impact of government or other initiatives, lacking direct provider role by the company/domain. Thus, the appropriate classification is 'unknown' with medium confidence given lack of direct evidence."
theses.hal.science,,0.0,unknown,,,"Domain pages were present, but none contained indexable text for validation."
finances.ml,,0.0,unknown,,,"Domain pages were present, but none contained indexable text for validation."
mastercard.com,True,0.9,provider,https://www.mastercard.com/global/en/business/payments/consumer-payments/next-gen-payments/mastercard-installments.html | https://www.mastercard.com/fr/fr/business/payments/consumer-payments/next-gen-payments/mastercard-installments.html,"Mastercard Installments Payment Services enables issuers to add installments as a feature on their existing card portfolios. Consumers can choose to pay in installments using their existing card, both during purchase and post purchase. | Mastercard Installments permet aux consommateurs de différer leur paiement, en achetant ce dont ils ont besoin et en échelonnant les paiements au fil du temps. Qu'ils utilisent une carte existante ou une nouvelle ligne de crédit, les consommateurs peuvent payer en plusieurs fois auprès de millions de commerçants.","All retrieved pages describe Mastercard offering a direct 'Installments' payment service where consumers pay for purchases on installments using Mastercard cards or credit lines. The service is integrated with Mastercard's card portfolios and infrastructure, indicating Mastercard acts as a direct provider of installment financing, including for smartphone purchases by implication through millions of merchants. No evidence suggests Mastercard is merely an aggregator or partner-only; therefore, entity_type is provider with high confidence."
bnda-mali.com,False,0.3,unknown,https://www.bnda-mali.com/fr/produit/prets | https://bnda-mali.com/fr/comment-avoir-un-financement-pour-son-projet-au-mali,"La BNDA vous accorde plusieurs types de crédit pour répondre à vos différents besoins d’Équipement, d’Investissement et autres activités permettant de réaliser vos projets. | La BNDA vous accorde plusieurs types de crédit pour répondre à vos différents besoins d’Équipement, d’Investissement et autres activités permettant de réaliser vos projets.","The retrieved pages show BNDA provides various credit and financing options for equipment and projects but do not explicitly confirm direct provision, financing, underwriting, leasing, or installment sales of smartphones. There is no clear evidence that BNDA directly offers smartphone financing, nor that it only partners with others for such service, nor that it acts as an aggregator. Hence the entity type is best classified as unknown and validation is false due to insufficient specific evidence."
oumistore.com,True,0.7,unknown,https://oumistore.com/,Vendu avec tacture et garantie ... iPhone 16 Pro Max ... Prix : 750.000 CFA ... Utilisez l'application Oumistore pour un suivi en temps réel et des points de fidélité au Mali.,"The retrieved page content indicates that Oumistore sells smartphones, specifically iPhones, but there is no direct mention or evidence that they provide smartphone financing services themselves. They appear to be a direct seller, but no references to financing or installment payment options are found, which means we cannot confirm them as a provider of smartphone financing. The content also does not suggest that financing is handled by partners, nor does it appear to be an aggregator site."
alios-finance.com,True,0.7,unknown,https://www.alios-finance.com/site/fr/mali/countrie.php,Alios Finance Mali ... propose les solutions de financements suivantes : Crédit-Bail mobilier Location Longue Durée Crédit Investissement Crédit Court Terme ... Nos solutions de financements sont destinées à vous garantir une utilisation optimale de votre trésorerie à travers des offres ajustées à vos besoins.,"Based on the retrieved content, Alios Finance offers multiple financing solutions but there is no specific or direct mention that it provides smartphone financing services. The financing types mentioned are general and do not specify smartphones or similar consumer electronics. Hence, the entity type is 'unknown' as the evidence is insufficient to confirm direct provision, aggregation, or partnership related to smartphone financing."
findevgateway.org,True,0.7,unknown,https://www.findevgateway.org/fr/publication/2020/07/le-paysage-fintech-malien,"Écosystème : 18 FinTechs, 11 facilitateurs et partenaires de financement,* les API sont la principale technologie.","The retrieved page contains no direct evidence that the company or domain 'findevgateway.org' itself provides, finances, underwrites, leases, or sells smartphone financing services. The content is about fintech ecosystem and partnerships, which is insufficient to classify as provider, aggregator, or partner_only. Therefore, the classification is 'unknown'."
bibliosante.ml,,0.0,unknown,,,"Domain pages were present, but none contained indexable text for validation."
southsouth.contentfiles.net,,0.0,unknown,,,"Domain pages were present, but none contained indexable text for validation."
agenceecofin.com,False,0.1,unknown,https://www.agenceecofin.com/actualites-numerique/0702-125622-les-telecoms-pour-financer-le-developpement-social-le-pari-du-gouvernement-malien | https://www.agenceecofin.com/operateur/1803-18472-malitel-lance-mobicash-son-service-de-transfert-d-argent-mobile | https://www.agenceecofin.com/monetique/0306-119168-mali-le-nombre-d-abonnes-mobile-money-a-augmente-de-150-en-cinq-ans,"L’adoption du mobile money progresse rapidement dans des contextes où une large part de la population reste non bancarisée. | Dans Ecofin Pro 13/03/2026 L’évolution récente de l’écosystème technologique africain et les tendances qui structurent son développement pour 2026. | L’expérience du Rwanda dans la mise en place d’eKash, un système national de paiements instantanés interopérables.","None of the provided pages contain specific information that Agenceecofin directly offers, finances, leases, underwrites, or sells smartphones on installment to qualify as a provider. The content mostly discusses mobile money adoption and digital payment systems without linking them to smartphone financing services offered by Agenceecofin. There is no evidence of the company acting as an aggregator or only as a partner. Due to insufficient relevant evidence, entity_type is classified as 'unknown', validation is false, and confidence is low."
fr.scribd.com,True,0.9,unknown,https://fr.scribd.com/document/721231200/Fiscalite | https://www.scribd.com/document/866356761/Samsung-Mobile-Installment-Rates-01-05-2025,"Le document traite de la fiscalité pratique des entreprises en Côte d'Ivoire. Il définit notamment les notions fondamentales de l'impôt, les principes et rôles de l'impôt, ainsi que les différents régimes d'imposition existants en Côte d'Ivoire. | The document lists various Samsung camera models with specifications including display size, pixel density, battery capacity, and pricing. Each model has associated prices for both a 12-month installment plan and a first installment amount.","Based on retrieved pages, none show that 'Impôts' or the domain fr.scribd.com directly provides, finances, underwrites, leases, or sells smartphones on installments. The depositions either concern fiscal topics or unrelated installment information without implicating the company as a provider or partner. Therefore, the entity type must be 'unknown' due to insufficient and ambiguous evidence."
shop.sosh.fr,True,0.9,provider,https://shop.sosh.fr/mobile/forfaits-mobiles,"Pour profiter d’un forfait mobile sans engagement avec téléphone, Sosh vous propose des solutions de financement pour acheter votre appareil seul et régler en plusieurs fois.",The provided page from shop.sosh.fr clearly indicates that the company offers financing solutions allowing customers to buy smartphones and pay in installments. This matches the criteria for being a 'provider' since the company directly provides the target service of smartphone financing. There is no indication that the financing is only through a partner or that the site acts merely as an aggregator.
bms-sa.ml,True,0.8,provider,https://bms-sa.ml/faq-aide,Les prêts : ... Nouvelles technologie pour l’achat de smartphones et tablettes (en cours),"The company directly offers credit for smartphone purchase under its loan products as per the FAQ page, indicating direct provision of smartphone financing rather than acting as an aggregator or partner only."
gomoworld.com,True,0.9,unknown,https://www.gomoworld.com/fr/destinations/Mali,"Forfaits de données au Mali à partir de 3,99€. Couverture exceptionnelle grâce aux principaux réseaux maliens. Options exclusivement données—conservez votre numéro de téléphone actuel.","The retrieved page content exclusively describes data plans and eSIM services without any mention or evidence that the company provides smartphone financing or related installment services. Therefore, the entity type is 'unknown' due to insufficient evidence indicating direct provision of smartphone financing."
bamakogadget.com,False,0.9,unknown,https://bamakogadget.com/ | https://bamakogadget.com/shop/categorie/accessoires-auto,"Tout ce qu’il vous faut, au meilleur prix. Voir plus Batterie Lithium S | Voir plus → Télévision Téléviseur Star Track 55″ Smart LED 4K Android – Wi-Fi, Miracast, HDMI, USB, Récepteur Intégré ... Promo Mega Soldes Jusqu’à -50% Smartphones • TV • Informatique ... Livraison rapide à Bamako","The provided retrieved pages do not contain any direct or indirect evidence that Bamakogadget provides 'smartphone_financing' services either as a provider, aggregator, or partner. The contents focus mainly on product listings and promotions without mention of financing options or third-party financing partners. Hence, based on the rules and evidence, the entity type is 'unknown' and validation is false."
ubamali.com,False,0.8,unknown,https://www.ubamali.com/ | https://www.ubamali.com/product-services/instant-bills-pay,"Nous proposons une gamme de produits électroniques de vente au détail vous permettant de consulter facilement et en toute sécurité vos informations de compte bancaire. | Instant Bills Pay est une plateforme efficace, sécurisée, rapide et facile à utiliser qui permet aux commerçants de collecter le paiement des factures en ligne auprès des clients.","The retrieved pages focus on banking products, electronic retail, and bill payment services but contain no explicit statements or evidence that Ubamali directly offers, finances, underwrites, leases, or sells smartphones through installment plans. Therefore, according to the rules and evidence, the correct classification is unknown due to insufficient evidence."
electronicshop.biz,True,0.9,unknown,https://electronicshop.biz/ | https://electronicshop.biz/fr/9-telephone,Smartphones Les meilleurs smartphones du marché aux meilleurs prix pour les clients de la boutique | Téléphone Appelez-nous : 76320733,"The retrieved pages from the domain show that the company sells smartphones and electronics but provide no direct evidence that the company offers financing, installment sales, leasing, or underwriting for smartphones. There is also no indication that financing is provided by a separate partner. Therefore, the entity classification is 'unknown' because relevant evidence on smartphone financing is missing or insufficient."
orange.sn,True,0.9,provider,https://www.orange.sn/assistance/search,"Disponible aussi à crédit dans les agences Orange : Acompte : 55 000 F Mensualités : – 3 mois : 50 000 F/mois – 6 mois : 40 000 F/mois📍 Disponible dans les agences Orange et sur la boutique en ligne. Offrez-vous la puissance photo et la performance avec le Camon 40 chez Orange, au comptant ou à crédit !","The provided page from orange.sn explicitly mentions that customers can purchase smartphones on credit directly through Orange, with specific down payment and monthly installment options. This confirms that Orange SN is a direct provider of smartphone financing, fulfilling the criteria of offering the target service themselves rather than acting as an aggregator, partner, or unknown entity."
bondeal.org,True,0.9,aggregator,https://www.bondeal.org/ | https://www.bondeal.org/copy-of-acceuil,Choisissez le meilleur site d'achat en ligne. Commander vos produits de qualité à des prix moins chers en toute simplicité et securité et payer à la livraison. | Achetez en toute simplicité tout ce dont vous avez besoin à des prix concurrentiels. Des produits de Qualité à petits prix.,"The provided pages describe Bondeal as an online shopping platform offering products with pay-on-delivery options. There is no evidence that Bondeal directly finances, underwrites, leases, or sells smartphones on installments. The services described align more with an e-commerce aggregator or marketplace rather than a direct smartphone financing provider."
dgmp.gouv.ml,True,0.9,unknown,https://www.dgi.gouv.ml/reel,"UR AJOUTEE 192?311 Actif D.G.E ... (list of company names and tax IDs, no service description related to smartphone financing)","The only retrieved page is a general directory listing without any specific information about the company directly providing smartphone financing or related services. There is no explicit mention that Dgmp Gouv ML offers, finances, underwrites, leases, or sells smartphones on installment. Therefore, according to the rules and evidence, the classification must be 'unknown'."
atlantiqueespace.com,False,0.8,unknown,https://atlantiqueespace.com/index.html,"Financement de Projets ... Crédit Express Prêt Scolaire Banque atlantique vous propose le Prêt Scolaire, un crédit qui vous permet de disposer des ressources nécessaires pour le financement des frais de scolarité de vos enfants.","The retrieved page lists multiple financing products offered by the company, including credit for school fees and project financing, but there is no mention of smartphone financing or installment plans for smartphones. Therefore, it cannot be confirmed that the company directly provides smartphone financing services based on this evidence."
mobile.club,True,0.8,provider,https://www.mobile.club/ | https://www.mobile.club/smartphone,"mobile.club transforme l'usage des smartphones en offrant la possibilité de les louer plutôt que de les acheter. mobile.club propose à la location les derniers modèles d’Apple ou de Samsung à des mensualités raisonnables. Grâce aux services en ligne de mobile.club, il est désormais possible de louer des smartphones Apple à des prix abordables. Nos tarifs varient de 19,90 euros à 56,90 euros mensuels, couvrant une large gamme : de l'iPhone 11 à l'iPhone 14 Pro Max. | À partir de 24,90 € /mois + ... 59 € d’apport ... À partir de 17,90 € /mois + ... 49 € d’apport ... PROMO Bientôt disponible ...","The retrieved pages explicitly describe that Mobile Club provides smartphone rentals with monthly payment options directly to customers. This matches the definition of a provider for smartphone financing since they offer installment plans (leasing) for smartphones themselves, rather than just listing third-party providers or only referring to partners."
cfaoequipment-mali.com,True,0.7,unknown,https://www.cfaoequipment-mali.com/fr/accueil | https://www.cfaoequipment-mali.com/fr/concessions/cfao-equipement-mali,CFAO Equipment Mali Logo Menu Mali Camions Bus Manutention Pneus Service Concession Logo Nos Marques Renault Trucks HINO Trucks King Long TOYOTA Material Handling Bridgestone Techking Camso Schrader Pacific Equipements et carrosseries Goodyear Pirelli SHACMAN Pneus Pneus Service Prendre rendez-vous en ligne | Nos concessions - CFAO Equipement Mali ... Service en atelier et sur site Maintenance et réparations PIECES DETACHEES FORMATION ...,"Based solely on the provided pages, CFAO Equipment Mali is focused on vehicles, material handling equipment, tires, and their servicing. There is no direct, partner, aggregate, or any relation mentioned to smartphone financing. Therefore, the entity type is classified as unknown due to lack of relevant evidence."
finapps.tn,True,0.9,provider,https://finapps.tn/services/bnpl-buy-now-pay-later,"At Finapps, our Buy Now, Pay Later (BNPL) solution is designed to give your customers the freedom to split payments into manageable installments — while ensuring full control, security, and integration for banks and merchants. Our BNPL system is fully customizable and integrates seamlessly into your banking infrastructure or merchant application. From credit scoring and customer eligibility to monthly deductions and penalty management — we handle it all.","The retrieved page clearly describes Finapps providing a Buy Now, Pay Later service that allows customers to pay in installments with full control over credit and payment management. This aligns with smartphone financing since BNPL is a common financing method for consumer electronics such as smartphones. There is no indication that the financing is provided by a third party, so the company is directly offering the service."
baobab.com,True,0.4,unknown,https://baobab.com/ml/credit-entrepreneur,"CRÉDIT PME De 12.000.000 à 60.000.000 FCFA De 9 à 36 mois ... Baobab se distingue des autres institutions par la rapidité de ses décaissements, la diversité de ses offres et ses innovations technologiques.","The retrieved page describes credit and loan products targeting entrepreneurs and SMEs, with details on amounts, interest rates, and credit terms. However, there is no explicit mention that Baobab or baobab.com directly provides smartphone financing, leases, or installment sales of smartphones. Without explicit evidence for the target category 'smartphone_financing,' the classification defaults to 'unknown' based on the provided data."
combien-coute.net,True,0.9,aggregator,https://www.combien-coute.net/mobile/mali/bamako | https://www.combien-coute.net/mobile/mali,"Découvrez combien coûte un abonnement mensuel à un forfait de téléphonie mobile (avec appels et données) à Bamako : prix moyen, prix minimum et prix maximum. | Découvrez combien coûte un abonnement mensuel à un forfait de téléphonie mobile (avec appels et données) au Mali : prix moyen, prix minimum et prix maximum.","Based on the retrieved pages, the company combien-coute.net only provides informational content and price comparisons about mobile phone subscriptions in Mali. There is no indication that it directly finances, underwrites, leases, or sells smartphones on installments. Thus, it functions as an aggregator for pricing information rather than a direct provider or partner-only entity."
republik-retail.fr,False,0.7,unknown,https://www.republik-retail.fr/experience-client/paiement/pratiques/les-chiffres-du-mois-moyens-de-paiement-zoom-sur-le-smartphone-le-bnpl-et-le-paiement-fractionne.html,Le Buy Now Pay Later a le vent en poupe. 19 % des Français ont utilisé au moins une fois le report de paiement pour payer leurs achats sur Internet au cours des 12 derniers mois.,"The only retrieved page discusses general statistics about 'Buy Now Pay Later' and payment habits among the French population. There is no direct evidence that Republik Retail FR offers, underwrites, finances, leases, or sells smartphone financing. The domain appears referenced only as a source or commentator on payment trends, so the exact role of the company regarding smartphone financing is ambiguous and insufficient to classify as provider, aggregator, or partner_only."
wamda.com,True,0.9,partner_only,https://www.wamda.com/en/2025/09/valu-offers-egypt-p2p-bnpl-solution-mobilemasr | https://www.wamda.com/en/2025/09/valu-offers-egypt-p2p-bnpl-solution-mobilemasr,"The buyer can seamlessly select Valu as the payment method, receiving instant confirmation of a payment plan of up to 60 months, plus a limited-time offer of up to 12 months with 0% interest, 0% purchase fees, and 0% down payment. | Valu offers Egypt first P2P BNPL solution with MobileMasr - Wamda ... partnership with MobileMasr, Egypt’s first tech-driven platform for second-hand electronics, to launch the first peer-to-peer Buy-Now, Pay-Later (BNPL) service for pre-owned smartphones in Egypt.","The retrieved page shows Wamda reporting on a partnership involving Valu and MobileMasr for BNPL smartphone financing. Wamda itself does not directly offer or underwrite smartphone financing; rather, it announces and promotes the partnership between financing provider Valu and the marketplace MobileMasr. Hence, Wamda’s role is partner_only as it does not directly provide smartphone financing but references a third-party financing partner."
capitalfm.co.ke,True,0.9,unknown,https://www.capitalfm.co.ke/business/2025/09/jumia-watu-credit-unveil-bnpl-model-for-smartphones,"E-commerce platform Jumia has partnered with Watu Credit to roll out a buy now, pay later (BNPL) model that enables Kenyans to access smartphones through flexible financing. Under the deal, customers can purchase devices on Jumia and pay in daily, weekly...","The retrieved page from the provided domain only discusses a news article about Jumia and Watu Credit launching a smartphone BNPL model. Capitalfm is the platform hosting the article but is not described as directly offering or providing smartphone financing. Therefore, based on the provided data, Capitalfm does not directly provide the target service, and evidence is insufficient to assign provider, aggregator, or partner_only. The entity_type is marked as unknown."
s2mworldwide.com,False,0.7,unknown,https://s2mworldwide.com/en/solution/bnpl,"BNPL - S2M Innovate your customers’ purchases with our pioneering BNPL solutions! Buy now, pay later (BNPL) is commonly referred to as interest-free installment credit, enabling consumers to finance their purchases on specific terms at point-of-sale or online.","The retrieved page describes BNPL services offered by S2M but does not explicitly show that S2M provides direct smartphone financing, leasing, underwriting, or installment sale of smartphones themselves. The information is ambiguous and insufficient to confirm direct provision of smartphone financing."
danew.fr,False,0.3,unknown,https://danew.fr/,"Danew - Smartphones, tablettes, image et son - Danew Enregistrez dès à présent votre produit DANEW afin de bénéficier de la pleine garantie de votre matériel et ainsi pouvoir être informé sur nos dernières ...","The retrieved page content mentions the company sells smartphones and other electronic devices but offers no explicit evidence of providing smartphone financing services directly or through partners. The information is insufficient and ambiguous regarding the target category 'smartphone_financing'. Thus, the entity type cannot be identified confidently and is labeled as 'unknown'."
intouchgroup.net,True,0.8,unknown,https://www.intouchgroup.net/en/notre-reseaux/mali,"Discover our large network of 60,000 TouchPoints What country do you want to contact? Ivory Coast Senegal Guinea Mali Burkina Cameroon additional offers","The only retrieved page discusses a network with digital payment and credit solutions but does not explicitly indicate that the company or domain intouchgroup.net directly provides smartphone financing in Mali. The information is insufficient and ambiguous regarding direct provision of smartphone financing, so the entity type must be classified as 'unknown'."
studiotamani.org,,0.0,unknown,,,No relevant evidence pages were retrieved for validation.
easy-delivery.com,True,0.9,unknown,https://www.easy-delivery.com/fr/livraison/iphone/mali,"Achetez sur Apple iPhone, nous livrons au Mali depuis la France. Easy-Delivery fournit une adresse de réexpédition en France ou aux États-unis.","The retrieved page only shows that Easy Delivery is a package forwarding and delivery service for smartphones purchased elsewhere, without any mention of financing, leasing, or installment options. Therefore, it does not directly provide smartphone financing, making the appropriate classification 'unknown'."
cofinacotedivoire.com,True,0.9,provider,https://www.cofinacotedivoire.com/conditions-generales-de-financement-pour-loctroi-de-smartphone-a-credit-par-cofina,OCTROI DE SMARTPHONE A CREDIT PAR COFINA Vous trouverez ci dessous les conditions générales de financement pour l'octroi de smartphone à crédit par COFINA,"The retrieved page explicitly mentions that Cofina provides smartphones on credit under their financing conditions. This directly aligns with the target category of smartphone financing. No indication that this service is only provided through partners or is an aggregation, confirming that Cofina is the direct provider."
cofinamali.com,False,0.8,unknown,https://www.cofinamali.com/,Nos Produits Pack Entreprises & PME Pack Particuliers Comptes rémunérés Offres de crédits Crédit Financement achat de kit solaires Crédit Nekaso Autres produits & services,"The retrieved page from the company's domain provides information about credit and financing products, but the target category of smartphone financing is not directly mentioned or evidenced. There is no clear indication that Cofina Mali directly offers or finances smartphones. Thus, based on the provided page and rules, the entity type is 'unknown' with a high confidence, and validation is false."
sama.finance,True,0.8,unknown,https://sama.finance/,"SAMA Finance a pour mission de participer à l'inclusion financière en offrant des services digitaux de microfinance accessibles à tous. Nous proposons une gamme de produits et services financiers simples, adaptés à vos besoins, avec des conditions tarifaires abordables et transparentes.","The retrieved page only mentions microfinance and general loan products without any explicit evidence that Sama Finance directly provides smartphone financing or installment services related to smartphones. Therefore, according to the provided rules and evidence, the entity type is classified as 'unknown' due to insufficient and ambiguous information."
jazz.com.pk,True,0.9,partner_only,https://jazz.com.pk/jazz-x-kistpay-smartphone-installment-plan,The financed device is the property of Kistpay Private Limited until full and final payment has been received by Kistpay Private Limited and the device IMEI is released from the Device Lock Application.,"The retrieved page clearly states that the smartphone financing is actually provided by Kistpay Private Limited, not Jazz themselves. Jazz facilitates the financing but the loan and installment mechanism is run by Kistpay, making Jazz a partner_only entity rather than a direct provider."
yes.my,True,0.95,provider,https://www.yes.my/iphone,"Own iPhone 17 Pro for RM65/mth Uncapped 5G Data & Speed RM0 upfront payment 0% monthly instalment ... Your next phone, powered by easy financing ... Lowest monthly instalments Get the lowest instalments with 0% interest up to 36 months. img-fluid RM0 upfront payment Skip the deposit and pay nothing upfront for new and existing customers.","The retrieved page from yes.my clearly advertises direct smartphone financing with 0% interest monthly installments and no upfront payment, confirming that the company/domain is a provider of smartphone financing services directly rather than just referring or aggregating."
intesasanpaolobank.si,True,0.9,unknown,https://www.intesasanpaolobank.si/en/prebivalstvo/mobilna-placila.html,"Mobile payment Replace your wallet with your mobile phone, which now allows you to perform different types of payments. ... Apple Pay ... Google Pay ... Flik immediate payments Quick and easy payments to your contacts who are customers of our bank, 24 hours a day, every day of the year.","The retrieved page discusses mobile payment methods and immediate payments but contains no information that Intesa Sanpaolo Bank directly provides smartphone financing or related installment services. No mention of financing, leasing or selling smartphones on installments is found. Therefore, based on the evidence, the company/domain cannot be classified as provider, aggregator, or partner_only of smartphone financing, resulting in 'unknown'."
isystem.jo,True,0.8,provider,https://isystem.jo/installment,"Buy iPhone, MacBook, iPad & Apple accessories with warranty and expert support. Installment - iSystem iSystem is Apple Premium Reseller in Jordan.","The provided page shows that iSystem offers Apple products including iPhones with an installment purchase option directly. There is no indication that the financing is provided by a third party or that the company acts only as an aggregator or partner. Therefore, it directly provides smartphone financing services."
jumia.ci,True,0.8,aggregator,https://www.jumia.ci/,"Jumia Côte D'Ivoire | Vente en ligne de Téléphones, Electroménager, Mode, Maison & Beauté Site d'eCommerce N°1 d'Achat et de Vente en Ligne ... Paiement à la livraison","The provided page content depicts Jumia.ci as a marketplace or eCommerce platform selling smartphones and various products. There is no evidence in the text that Jumia.ci itself directly provides smartphone financing, leasing, underwriting, or installment sales. The mention of payment on delivery suggests it facilitates sales transactions but does not imply direct financing. Therefore, under the rules, Jumia.ci fits best as an aggregator (marketplace) rather than a direct provider or partner_only."
dabafinance.com,False,0.9,unknown,https://dabafinance.com/fr/nouvelles/le-mali-introduit-des-taxes-sur-les-tlphones-portables-pour-financer-la-scurit-face--linsurrection-montante,Daba est la première plateforme d'investissement en Afrique pour les marchés privés et publics.,"The retrieved page does not contain any information indicating that Dabafinance directly provides smartphone financing or related services. It only references the company as an investment platform and discusses mobile-related taxes unrelated to smartphone financing. Therefore, based solely on the provided evidence, the entity type is classified as unknown."
agencebio.org,,0.0,unknown,,,"Domain pages were present, but none contained indexable text for validation."
afrimag.net,False,0.8,unknown,https://afrimag.net/lincroyable-boom-mobile-money-mali,"Comme dans tous les pays en Afrique sub-saharienne, le mobile money est une véritable traction de l’inclusion financière au Mali... la plateforme des principaux opérateurs télécoms du pays, Orange Money et Moov Money, sont les plus dynamiques, l’entrée sur le marché de nouveaux acteurs comme Sama Money, Wave, Wizall Money entraîne plus de compétition.","The retrieved page discusses mobile money in Mali but does not provide any direct evidence that Afrimag (afrimag.net) offers smartphone financing, underwrites, sells on installments, or acts as an aggregator or partner specifically for smartphone financing. Therefore, the appropriate classification is 'unknown' with medium-high confidence due to lack of relevant information."
prnewswire.com,False,0.2,unknown,https://www.prnewswire.com/news-releases/orange-finances-money-mali-et-terrapay-etablissent-un-partenariat-strategique-pour-des-paiements-transfrontaliers-fluides-302028891.html,"The retrieved content does not contain any explicit mention of Prnewswire directly providing smartphone financing services, installment sales, financing, leasing, or underwriting for smartphones.","Based on the single retrieved page, there is no direct evidence that Prnewswire or its domain prnewswire.com directly provides smartphone financing, leases, or sells smartphones on installments. The content is unrelated and does not mention smartphone financing services. Therefore, the company cannot be classified as a provider, aggregator, or partner_only for smartphone financing with the given evidence."
imtfi.uci.edu,,0.0,unknown,,,"Domain pages were present, but none contained indexable text for validation."
orabank.net,True,0.7,unknown,https://www.orabank.net/fr | https://www.orabank.net/fr/filiale/mali/actualites/orabank-mali-lance-le-pass-money-moov,"Profitez d’un crédit court ou moyen terme…d’équipement ou immobilier. | Orabank Mali a lancé un service Bank to Wallet, Pass Money Moov, pour lier les comptes Orabank et Moov Money.","The retrieved pages from orabank.net show that Orabank offers loans for equipment in general but do not explicitly indicate that the bank directly provides smartphone financing or installment plans for smartphones. One article discusses a mobile wallet service, but it is unrelated to smartphone financing. There is no evidence that Orabank directly offers, finances, underwrites, leases, or sells smartphone financing. Therefore, based on the provided data, the entity type is 'unknown' due to insufficient evidence."
global.microless.com,False,0.6,unknown,https://global.microless.com/mobile-phones/samsung/b/l,"Fulfilled by Microless ... Samsung phones listed with prices and delivery options, no mention of direct financing, installment plans, leasing, or underwriting by Microless.","Based on the retrieved page, the company appears to sell or fulfill smartphone orders but provides no explicit evidence that it offers financing, leasing, or installment sales directly. There is no mention of financing options by Microless itself or disclaimers indicating only partners provide financing. Therefore, the entity type cannot be confidently assigned to provider, aggregator, or partner_only. The evidence is insufficient and ambiguous regarding the target category."
yugatech.com,True,0.9,partner_only,https://www.yugatech.com/mobile/samsung-galaxy-j7-pro-to-be-offered-at-0-installment-plan,Samsung Philippines is introducing its “Capture the Night” campaign that offers its Galaxy J7 Pro at 0% interest through a partnership with Home Credit — a global Fintech company that aids consumers in getting a new handset through installment.,"The provided page shows that the smartphone financing (0% installment plan) for Samsung Galaxy J7 Pro is available through a partnership with Home Credit. Yugatech acts as a platform sharing the information but does not directly provide, finance, underwrite, lease, or sell smartphone financing on installments. This fits the 'partner_only' category as financing is provided by a separate partner."
digimall.faysalbank.com,True,0.9,provider,https://digimall.faysalbank.com/samsung-galaxy-a26-5g-white-256gb-8gb-ram-on-installments-saade-3-months-0-percent-profit-product-available-on-48-months-installment,Samsung Galaxy A26 5G-White-256GB - 8GB RAM - On Installments -SaadE ( 3 Months 0% Percent Profit Product Available On 48 Months Installment ),"The retrieved page from the domain digimall.faysalbank.com clearly shows the availability of smartphones on installments with financing details, demonstrating that the company directly provides the target service 'smartphone_financing'. This matches the rule for 'provider' since the domain itself offers installment-based smartphone financing."
scribd.com,True,0.8,unknown,https://www.scribd.com/document/866356761/Samsung-Mobile-Installment-Rates-01-05-2025 | https://fr.scribd.com/document/876922045/Guide-Acheter-Alibaba-Mali | https://fr.scribd.com/document/721231200/Fiscalite,"The document lists various Samsung camera models with specifications including display size, pixel density, battery capacity, and pricing. Each model has associated prices for both a 12-month installment plan and a first installment amount. | The document provides a guide on purchasing on Alibaba and AliExpress from Mali, including account creation, product searches, payment methods, and shipping options. | The document covers business taxation in Côte d'Ivoire, defining tax concepts and regimes.","The documents retrieved from scribd.com do not demonstrate that the company/domain directly provides smartphone financing services. The installment plans mentioned pertain to cameras, not smartphones. Other pages are unrelated or provide general guides and tax information. Thus, there is insufficient and ambiguous evidence to classify the entity as provider, aggregator, or partner_only. The best classification is 'unknown'."
alfamall.com,,0.0,unknown,,,No relevant evidence pages were retrieved for validation.
un.org,,0.0,unknown,,,"Domain pages were present, but none contained indexable text for validation."
cdn.climatepolicyradar.org,,0.0,unknown,,,"Domain pages were present, but none contained indexable text for validation."
ubagabon.com,,0.0,unknown,,,"Domain pages were present, but none contained indexable text for validation."
ecobank.com,False,0.7,unknown,https://ecobank.com/personaloans.aspx | https://ecobank.com/ml/personal-banking/countries,Ecobank - Crédits A regional commercial bank operating in many African countries. | Ecobank - Country A regional commercial bank operating in many African countries.,"The retrieved pages do not provide any explicit evidence that Ecobank directly offers, finances, underwrites, leases, or sells smartphones on installments. There is no mention of smartphone financing or related services, nor any indication of a partner financing such service. Therefore, based on the available evidence, the entity type cannot be confirmed and defaults to unknown."
smartmobilefinance.com,True,0.8,partner_only,https://smartmobilefinance.com/blogs,"Phone financing helps retailers sell more devices, move inventory faster, and serve customers who cannot pay. Mexico has high smartphone usage, yet a large part of the population remains unbanked. That’s why phone financing and buy now pay later models are expanding.","The content retrieved is centered around phone financing concepts and retailer support, but there is no direct statement that Smartmobilefinance directly finances or sells smartphones on installments. The company appears to provide a platform or partnership to enable financing rather than being the direct provider of the service."
credlockng.com,True,0.9,provider,https://credlockng.com/ | https://credlockng.com/,"Smartphone Device Price ₦180,000 Initial Payment ₦36,000 20% down Monthly Payment ₦24,000 × 6 months Secured Instant Approval No Hidden Fees 5% Interest SMARTPHONE FINANCING Get the phone you want, pay small small. Spread the cost of your dream device over 6 months with 5% interest . Just a low upfront payment gets you started. | Credlock turns smartphones into collateral, enabling device-collateralized loans at scale — delivering instant and affordable line of credit for customers while empowering merchants and finance partners alike.","The content explicitly describes a direct financing service where customers can buy smartphones on installment with defined payment terms and interest, indicating the company itself finances the smartphones. This excludes the roles of aggregator or partner_only, confirming 'provider' as the correct entity type."
sgg-mali.ml,,0.0,unknown,,,"Domain pages were present, but none contained indexable text for validation."
wto.org,,0.0,unknown,,,"Domain pages were present, but none contained indexable text for validation."
bfin.brvm.org,,0.0,unknown,,,"Domain pages were present, but none contained indexable text for validation."
tillpaid.com,False,0.1,unknown,https://tillpaid.com/product-tag/moov-money-mali,paiement mobile site paiement mobile plugin paiement mobile site paiement sécurisé plugin ... paiement mobile site crédit plugin paiement mobile site prêt plugin paiement mobile site microcrédit plugin,"The retrieved content does not provide direct evidence that Tillpaid offers, finances, underwrites, leases, or sells smartphone financing directly. There is no indication of partnership statements or aggregator role either. The evidence is insufficient and ambiguous."
bamako-incubateur.org,False,0.3,unknown,https://bamako-incubateur.org/,Bamako incubateur et ses jeunes start-ups marquent leur présence ! ... la signature de la convention de financement de dix startup,"The retrieved page provides no direct evidence that Fabrique sociale de l'entrepreneuriat or the domain bamako-incubateur.org directly offers, finances, underwrites, leases, or sells smartphones on installments. The content focuses on startup financing and digital training programs without mentioning smartphone financing services. Therefore, per the rules, the entity type is 'unknown' due to insufficient and ambiguous evidence."
imf.org,,0.0,unknown,,,"Domain pages were present, but none contained indexable text for validation."
chaberlin.org,,0.0,unknown,,,"Domain pages were present, but none contained indexable text for validation."
p4h.world,,0.0,unknown,,,"Domain pages were present, but none contained indexable text for validation."
hydrometmali.org,,0.0,unknown,,,"Domain pages were present, but none contained indexable text for validation."
republicoftogo.com,,0.0,unknown,,,No relevant evidence pages were retrieved for validation.
ceoafrique.com,,0.0,unknown,,,No relevant evidence pages were retrieved for validation.
webapps.ifad.org,,0.0,unknown,,,"Domain pages were present, but none contained indexable text for validation."
isdb.org,,0.0,unknown,,,"Domain pages were present, but none contained indexable text for validation."
housingfinanceafrica.org,True,0.9,unknown,https://housingfinanceafrica.org/fr/country-detail/mali,Les modalités d’accès au crédit immobilier rendent le logement inabordable pour une majorité de Maliens.,"The retrieved page focuses solely on housing finance issues and does not provide any explicit evidence that the Centre for Affordable Housing or the domain housingfinanceafrica.org directly provides, finances, underwrites, leases, or sells smartphone financing. Therefore, based on the available information, the entity type cannot be classified as provider, aggregator, or partner_only for smartphone financing and should be considered unknown."
uneca.org,,0.0,unknown,,,"Domain pages were present, but none contained indexable text for validation."
trust-fund-for-africa.europa.eu,False,0.9,unknown,https://trust-fund-for-africa.europa.eu/where-we-work/regions-countries/sahel-lake-chad/mali/en,ral:Contribuer à la lutte contre la pauvreté et au développement durable de la population du Mali par la mise en valeur de la chaine de valeur de l’anacarde... Partner Spanish Agency for International Development Cooperation... Partner Agence Française de Développement... Partner Luxembourg Development Cooperation Agency... Partner Spanish Agency for International Development Cooperation International Organization for Migration Youth Employment Creates Opportunities At Home in Mali,"The retrieved content from the domain relates to development aid, regional stability, economic development, and partnerships with various agencies, without any evidence that the company or the domain itself directly offers smartphone financing or related installment services. Thus, the entity type is unknown, and it cannot be validated as a provider, aggregator, or partner_only for smartphone financing."
croissanceafrique.com,False,0.1,unknown,https://croissanceafrique.com/mali-banque-atlantique-lance-atlantique-mobile-une-application-totalement-gratuite,"The page content mainly discusses various economic and banking news in Africa, including investments, banking collaborations, and other financial sector updates, but does not mention smartphone financing or related services directly provided by Croissanceafrique.","The only retrieved page for the domain croissanceafrique.com contains general financial news and announcements without any indication that the company offers or provides smartphone financing services. Therefore, based on the provided data, we cannot confirm that Croissanceafrique is a provider or any other specified entity type related to smartphone financing."



domain,validated,confidence,entity_type,evidence_pages,supporting_snippets,reasoning
orangemali.com,True,0.9,partner_only,https://www.orangemali.com/fr/prt-smartphone-et-tablette.html | https://www.orangemali.com/fr/pret-smartphone-et-tablette.html,"Orange en partenariat avec Ecobank, vous offre la possibilité de payer à votre rythme et sur plusieurs mensualités des smartphones au meilleur rapport qualité/ prix. | Orange en partenariat avec Ecobank, vous offrent la possibilité de l’avoir en payant à votre rythme sur 12 mois.","The retrieved pages repeatedly mention smartphone financing offered in partnership with Ecobank, indicating Orange Mali is not directly providing or underwriting the smartphone financing service itself but rather acting through a partner. Therefore, for the target category 'smartphone_financing', Orangemali is correctly classified as 'partner_only'."
bdm-sa.com,True,0.9,unknown,https://www.bdm-sa.com/malien-residant-a-l-etranger-credit-personnel | https://www.bdm-sa.com/credit-immediat-bdm-sa | https://www.bdm-sa.com/,"Le crédit personnel est destiné à financer tout type de dépenses, sans aucune restriction quant à l'objet du crédit. Le client a le choix entre plusieurs formules : Le Crédit à la Consommation Le Crédit Équipement Le Crédit Auto Prêt Scolarité Prêt Tabaski | Crédit immédiat BDM-SA C’est la réponse idéale à vos besoins liés à la rentrée scolaire de vos enfants, à la fête de Tabaski et aux fêtes de fin d'année. En tant que client, obtenez jusqu'à 1000000 FCFA de crédit remboursable en 10 mensualités. | La Banque de Développement du Mali Accueil ... La Banque de Développement du Mali SA a été élue Meilleure Banque de l'Afrique de l'Ouest de l'année 2018","The retrieved pages indicate the company offers various credit and banking services including personal credit, but no specific mention or evidence was found that the company directly finances, sells on installments, leases, or underwrites smartphone financing. The information is insufficient and ambiguous regarding direct provision of smartphone financing, and no partnership-only evidence was found either. Therefore, based on the available data and rules, the classification is 'unknown'."
ml.coinafrique.com,True,0.8,aggregator,https://ml.coinafrique.com/categorie/telephones-et-tablettes/samsung-galaxy | https://ml.coinafrique.com/annonce/telephones-et-tablettes/iphone-12-3009809,- Téléphones & Tablettes neufs et occasions - CoinAfrique - Mali Retrouvez toutes les annonces undefined neufs et occasions sur CoinAfrique. Achetez et vendez votre undefined près de chez vous. | Retrouvez toutes les annonces au Mali comme Téléphones & Tablettes iPhone 12 neufs et occasions au Mali - CoinAfrique Mali et téléchargez CoinAfrique: Des milliers d'annonces et bonnes affaires à découvrir près de chez vous et partout en Afrique,"All retrieved pages show listings of phones for sale or rent on the CoinAfrique platform without any mention of the company or domain directly offering financing, leasing, or installment plans for smartphones. The site acts as a marketplace or aggregator for classified ads, consistent with an aggregator entity type."
rebtel.com,True,0.9,unknown,https://www.rebtel.com/fr/campagne/cms/mali-recharger,"Envoyez la recharge à votre famille et vos amis au Mali avec les frais les plus bas possibles. Rapide, sécurisé et directement depuis votre téléphone ou votre ordinateur. Aucun risque, aucun tracas.","The retrieved page from Rebtel only discusses mobile recharge and international calling services. There is no mention or indication that the company provides, finances, underwrites, leases, or sells smartphones on installments or any related smartphone financing services. Therefore, the entity type is classified as 'unknown' due to insufficient evidence related to smartphone financing."
seagm.com,False,0.9,unknown,https://www.seagm.com/fr/mobile-recharge/Mali,"Top Up Mali Malitel Mali Prepaid Mobile - SEAGM Reload Malitel Mali mobile credits instantly with SEAGM.com. Instant top up to your phone. Pay with Paypal, credit card, online banking and many more.","The retrieved page shows SEAGM.com provides instant mobile top-up services but includes no evidence that SEAGM directly offers smartphone financing or related services. Therefore, based on the provided page alone, the entity type is unknown as there is no direct evidence of providing or financing smartphones."
banqueatlantique.net,True,0.9,unknown,https://www.banqueatlantique.net/bf/particuliers/credits-conso-bf | https://www.banqueatlantique.net/bn/particuliers/pack-smart-start-bn | https://www.banqueatlantique.net/bf/particuliers/atlantique-mobile-bf,"Banque Atlantique vous propose le CREDIT CONSO, une offre de prêt qui vous permet de financer vos besoins en crédit à usages multiples (besoins courants, équipement, investissement, projets divers). | Banque Atlantique en partenariat avec WIZALL MONEY, présente « PACK SMART START », une offre 100% digitale, dédiée aux jeunes de 12 à 17 ans... Crée le wallet de son enfant directement à partir de son application Wizall Money... | Banque Atlantique vous propose ATLANTIQUE MOBILE... une application sécurisée, simple et agile pour piloter vos cartes bancaires et vos comptes...","None of the retrieved pages provide explicit evidence that Banque Atlantique directly provides, finances, underwrites, leases, or sells smartphones on installments. The bank offers various credit products like consumer loans and has partnerships with financial service providers (e.g., Wizall Money), but smartphone financing as a distinct product directly from the bank is not mentioned. Therefore, according to the rules and evidence, the classification is 'unknown'."
bamada.net,True,0.9,unknown,https://bamada.net/moov-africa-malitel-innove-lapplication-my-moov-pour-gerer-en-toute-simplicite-votre-compte-mobile-depuis-votre-smartphone-ou-tablette | https://bamada.net/malitel-douze-nouvelles-offres-pour-satisfaire-la-clientele | https://bamada.net/transfert-monetaire-moov-money-innove-encore-au-benefice-de-ses-clients | https://bamada.net/my-moov-toutes-les-fonctionnalites-de-moov-africa-malitel-en-un-clic | https://bamada.net/telecommunications-et-mobile-money-une-nouvelle-contribution-pour-des-infrastructures-modernes,"Un outil permettant d’effectuer différentes opérations comme le paiement des factures, l’achat des forfaits, les recharges… Il existe depuis le mardi 25 avril 2023, une nouvelle application dénommée “My Moov”, qui vient d’être lancée par Moov Africa Malitel afin de satisfaire sa clientèle. | Malitel relance Mobicash, son service de transfert d’argent. Les abonnés Malitel peuvent désormais envoyer et recevoir de l’argent dans plusieurs pays de l’Afrique en toute sécurité, simplicité à des tarifs très compétitifs. | Moov Money, selon le DG Abdel Aziz Biddine, c’est toute une palette de solutions simples et sécurisés qui vous simplifient la vie. Paiement de factures, ... les clients peuvent payer leurs factures d’eau Somagep, recharger leurs compteurs ISAGO et payer désormais leurs factures EDM, via Moov Money depuis chez eux sans se déplacer. | L’application permet aux clients de contrôler leur solde, bonus crédit, forfaits appel, forfaits internet, bonus SMS, forfaits souscrits en cours. Ce n’est pas tout, avec l’application My Moov, les clients peuvent souscrire aux forfaits d’appel, internet et SMS les plus généreux en toute simplicité. | NB : Toute reproduction, intégrale ou partielle, sans une autorisation explicite de notre part est strictement interdite...","Across the retrieved pages, the company 'Bamada' or its domain bamada.net provides news and information about telecommunications services, mobile money transfers, bill payments, and mobile apps related to Moov Africa Malitel. None of the content shows that Bamada directly provides smartphone financing, installment sales, leasing, or underwriting services related to smartphones. There is also no indication that Bamada is an aggregator or marketplace for such financing services. The available evidence does not mention any financing or installment offerings for smartphones by Bamada themselves, nor any references that financing is provided exclusively by a partner. Therefore, based solely on the provided pages, the status regarding smartphone financing is 'unknown'."
app.talk-home.com,False,0.8,unknown,https://app.talk-home.com/mobile-top-up/mali/malitel | https://cards.talk-home.com/international-calling-rates/mali-calling-card,"Send Malitel Credit to Mali with Talk Home App Send mobile top-ups to any Mali phone number in Mali instantly with Talk Home App. | Calling cards provide a more economic means of making international calls. ... You only pay for what you get. No strings attached, no sketchy fees.","The provided pages describe mobile top-up and international calling card services offered by Talk Home App. There is no evidence that the company directly offers smartphone financing, installment plans, leasing, or sales related to smartphone financing. The services are focused on mobile credit recharge and calling cards only, making the evidence insufficient to classify them as providers or partners for smartphone financing."
watra.org,False,0.2,unknown,https://watra.org/mali,"The main services offered by the operators include voice, SMS, data, internet, and mobile money.","The retrieved page discusses telecommunications and digital payments in Mali, but does not provide any evidence that ARTÃO or the domain watra.org directly offers smartphone financing. There is no information about ARTÃO providing financing, leasing, selling on installments, or underwriting smartphone purchases. Therefore, based on the available data, the entity type is unknown and the validation is false."
maliactu.net,True,0.9,unknown,https://maliactu.net/moov-money-malitel-rend-les-transferts-gratuits-une-revolution-pour-ses-abonnes,"MaliActu.net est le premier site d'information en ligne du Mali. Politique, societe, economie, sport — toute l'actualite malienne en temps reel.","The provided page is a news article without any indication that Maliactu directly offers, finances, underwrites, leases, or sells smartphone financing. There is no evidence of being a provider, aggregator, or partner for smartphone financing. Therefore, the entity type is unknown due to insufficient evidence."
zhooma.com,False,0.3,unknown,https://zhooma.com/samsung-galaxy-s9-plus-64go/pid/n1654 | https://www.zhooma.com/section/telephone-tablette,"Samsung Galaxy S9 Plus – 64Go | ZHOOMA Mali ZHOOMA Mali: Acheter Samsung Galaxy S9 Plus – 64Go 375 000,00 Fcfa ... | ZHOOMA Mali | Téléphone & Tablette Achetez tous vos articles preférés et soyez livrez en un temps record à travers tout le Mali.","The retrieved pages only show Zhooma selling smartphones and tablets outright, with no explicit mention of smartphone financing, installment sales, leasing, or underwriting. There is also no indication that financing is offered by a partner. Thus, based on the available evidence, it is not possible to verify that Zhooma directly provides smartphone financing or acts as an aggregator or partner. Therefore, the classification is 'unknown' with low confidence."
recharge.com,True,0.8,unknown,https://www.recharge.com/en/ml/malitel | https://www.recharge.com/fr/ml/malitel,With Recharge.com you can top up your Malitel prepaid plan. To top up your Malitel plan simply select the amount you need and enter your phone number. | Rechargez les téléphones Malitel Mali en ligne ✓ Recevez votre code instantanément par email ✓ Plus de 23 méthodes de paiement sécurisées.,"The retrieved pages only indicate that Recharge.com offers mobile phone prepaid top-up services. There is no evidence that Recharge.com directly provides smartphone financing, underwriting, leasing, or installment sales. Therefore, based on the available information, the entity type cannot be classified as provider, aggregator, or partner_only for smartphone financing, resulting in an unknown classification."
maliweb.net,True,0.3,unknown,https://www.maliweb.net/economie/telecom/paiement-mobile-et-vtc-orange-money-sintegre-a-moov-pour-transformer-la-mobilite-urbaine-3115026.html,"Orange Finances Mobiles Mali a annoncé la signature d’un partenariat stratégique avec l’application de VTC Moov. Les utilisateurs de la plateforme Moov pourront désormais régler leurs trajets via leur portefeuille mobile, sans avoir besoin d’argent liquide.","The retrieved pages mention partnerships between mobile payment services and VTC platforms and money transfers, but no indication that Maliweb.net directly offers smartphone financing services by leasing, selling on installments, financing, or underwriting. The evidence does not meet the criteria for provider, aggregator, or partner_only. Hence, the classification is unknown with low confidence."
mobilerecharge.com,True,0.9,unknown,https://mobilerecharge.com/buy/mobile/recharge/mali | https://mobilerecharge.com/send/recharge/Mali/Malitel/20Prepaid/20Credit,"Get the most out of your mobile recharge service: amazing quality and great customer service. Wait no more, join MobileRecharge.com and top up now! | Select Mali as the mobile recharge destination. Choose Malitel Prepaid Credit from the list of supported mobile operators in Mali and the desired type of recharge. Proceed with secure payment... Delivery is typically instant, or within a few minutes","The provided pages exclusively describe MobileRecharge.com as a service for international mobile airtime recharge and top-ups, with no mention or evidence of providing smartphone financing services. There is no indication that the company offers installment sales, leases, or financing directly, nor that it acts as an aggregator or partner for such services. The target category 'smartphone_financing' is unrelated to the primarily airtime recharge service these pages describe, so the classification is unknown due to lack of relevant evidence."
mali-achats.com,True,0.9,provider,https://www.mali-achats.com/page/modes-de-paiement | https://www.mali-achats.com/boutiques/telephonie,"Pour les articles dont la valeur totale dépasse 200.000 F CFA (Deux Cent Mille Franc CFA), un paiement de 50% devra être effectué à l’avance, avant que les articles ne soient livrés à l’acheteur. Le solde pourra être réglé à la livraison | Affichage 1 - 12 sur 118... iPhone 6S 16 Go 120.000 F CFA... Galaxy S8 140.000 F CFA... Smartphones listed with prices","Mali Achats sells smartphones directly on their website with listed prices and offers a payment method allowing 50% upfront payment and the remaining balance upon delivery. This shows that they directly provide smartphone financing options (partial installment payments), fulfilling the criteria for a provider."
monniz.com,False,0.9,unknown,https://monniz.com/service/forfait-internet-orange-mali | https://monniz.com/service/recharge-mobile-malitel-mali,"Avec Monniz, restez connecté facilement et rapidement au Mali avec le Forfait internet Orange. | Avec Monniz, rechargez votre mobile Malitel en toute sérénité. Notre plateforme vous offre une expérience de recharge simple, rapide et sécurisée.","Based on the provided retrieved pages content, Monniz offers mobile recharge and internet data packages services but there is no mention of directly providing smartphone financing, installment sales, leasing, or underwriting. No evidence suggests Monniz acts as a provider or partner for smartphone financing either. Therefore, the entity type is 'unknown' as the evidence is insufficient to classify Monniz as a provider, aggregator, or partner_only for smartphone financing."
samsung.com,True,0.9,partner_only,https://www.samsung.com/africa/en/offer/ghana-s24-consumer-finance-promo,"Flexible financing available for up to 24 months. *Subject to terms and conditions. Valid from Apr 15. 2024 ~ Dec 31. 2024 Buy the Galaxy S24 Now, Pay Later ... 1. Find Your Store: Look for a participating store selling your desired device (e.g., CompuGhana Limited or Franko Trading Limited). 2. Choose & Apply: Choose a financing plan from a participating bank (Access Bank, UMB, or Stanbic Bank). Refer to the table for details and Fill out a loan application (available at the bank or store) ... The device financing is subject to bank approval. See bank for details.","The given pages indicate that Samsung offers smartphone financing options, but these are arranged exclusively through third-party banks and stores. Samsung does not itself underwrite, finance, or directly provide the installment plans; instead, it partners with banks and retail stores that handle the financing and loan approval processes. Therefore, the company/domain acts only as a partner referring to external providers, fitting the 'partner_only' category."
maxit.orange.com,False,0.9,unknown,https://maxit.orange.com/en/page-contry-mali.html,"Our system displays the operator’s catalog once you type in the number. You can choose between: - CREDIT - PACK (voice, SMS, data) - INTERNET (data only)","The retrieved pages document Max It offering mobile credit top-ups and recharges for various operators in Mali, with payment methods such as bank cards and mobile payment services. However, there is no mention or evidence that Max It itself provides smartphone financing, leases, installment sales, or underwriting of such financing. The service is limited to prepaid phone credit recharges, not financing smartphones. Therefore, the entity type cannot be provider, aggregator, or partner_only based on the rules, so it is classified as unknown."
doctorsim.com,False,0.9,unknown,https://www.doctorsim.com/ca-en/topup-phone/countries/mali | https://www.doctorsim.com/fr/ml/topup-phone/mali-moovafrica,"International recharge for phones: Send phone top up abroad online. Easy, reliable & with no extra fees! Secure payments and best deals available on the market. | Topping up or sending money to any prepaid phone from Moov Africa Mali has never been easier. ... Using one of our secure payment methods which include credit and/or debit card, PayPal, Apple Pay, Cryptocurrency, Visa, MasterCard and American Express.","Both retrieved pages provide information exclusively about mobile phone top-up and recharge services. There is no mention that Doctorsim offers smartphone financing such as installment payments, leasing, underwriting, or direct sales with financing. Therefore, with the evidence at hand and according to the rules, the entity type should be 'unknown' as direct smartphone financing is neither shown nor implied."
baluwo.com,False,0.9,unknown,https://baluwo.com/fr/afrique/mali/recharge-mobile-mali,"Nous vous proposons un service exclusif de recharge de crédit au Mali ... Avec nous, vous saurez à tout moment combien vous dépensez et combien d’argent l’autre personne recevra.","The retrieved page content only indicates that Baluwo offers mobile phone credit recharge and money transfers. There is no direct evidence that Baluwo provides smartphone financing or related services as required by the target category. Therefore, the entity type is unknown and the validation is false."
libon.com,True,0.9,unknown,https://www.libon.com/offre/ml-recharge,"Buy Your minutes directly on the app or at one of our points of sale in Europe and the USA ... Call mobiles in over 160 countries, and always at the best price!","The retrieved page from libon.com only presents telecom-related services such as calls and top-ups but makes no mention of smartphone financing or related services. Therefore, based on the provided evidence, Libon does not appear to be a provider, aggregator, or partner of smartphone financing. The information is sufficient to conclude the classification as 'unknown' for smartphone_financing."
orangemoney.fr,True,0.7,unknown,https://orangemoney.fr/envoyer-de-l-argent-au-mali,Votre proche pourra retirer de l’argent mais également : Régler ses achats marchands auprès des nombreux établissements acceptant les transactions Orange Money au Mali. ... SINGA NI MARA : offre d’épargne et de pico/micro-crédit aux particuliers.,"The retrieved page discusses several financial services provided by Orangemoney FR, such as money transfers, bill payments, and micro-credit offers. However, there is no mention or clear indication that the company directly offers smartphone financing or installment payment plans for smartphones. Therefore, by the given rules, since there is no direct evidence of offering the target service, and no indication of acting only as a partner or aggregator, the safest classification is 'unknown.'"
bossrevolution.com,False,0.75,unknown,https://www.bossrevolution.com/en-us/country/mali/international-mobile-topup,"Send Mobile Recharge to Mali, Top Up in Mali Online - BOSS Revolution Get 20% OFF instantly when you recharge a mobile in Mali with $10+. Use the promo code TOPUPWEB to claim the discount✔ ... Our online top-up platform lets you add airtime credit to mobile phones in over 100 countries with just a few simple clicks.","The provided page only shows evidence that Bossrevolution offers mobile airtime top-up services, not smartphone financing. There is no indication that the company directly provides, finances, underwrites, leases, or sells smartphones in installments, nor that it acts as an aggregator or partner related to smartphone financing. Therefore, based on the available evidence and rules, the entity type is unknown and validation is false."
tecno-mobile.com,False,0.8,unknown,https://www.tecno-mobile.com/ml/promotionstore,"Decouvrez les produits TECNO, consultez les manuels en ligne, telechargez les derniers fichiers et plus encore. HiOS NO. Shop Name State/Province City Address Contact Number ...","The retrieved page is a store locator and product promotion page that lists physical stores selling TECNO products but provides no information about TECNO offering smartphone financing, installment plans, or leasing themselves. There is no mention of direct financing services or partnerships on this page, making it impossible to classify as provider, aggregator, or partner_only based on this evidence."
horonyafinance.com,False,0.8,unknown,https://www.horonyafinance.com/mali-telecommunications-moov-africa-malitel-desormais-sous-le-controle-de-letat,Horonya Finance(HF)) est la principale plateforme d’information économique et financière du Burkina Faso avec une couverture intégrale de l’actualité économique et financière africaine.,"The retrieved page depicts Horonya Finance as a financial news and information platform without any indication that it directly provides, finances, underwrites, leases, or sells smartphone financing services. There is no evidence of partnering for financing roles either. Therefore, the classification is unknown due to insufficient and unrelated information to the target category smartphone financing."
agefaumali.com,False,0.2,unknown,https://agefaumali.com/ | https://agefaumali.com/,"Faciliter la fourniture d’un Accès Universel à l’ensemble de la population malienne grâce à l’utilisation des technologies de l’information et des communications abordables pour développement socio-économique. | Le fonds est collecté, auprès des opérateurs de télécommunications (Moov Africa Malitel, Orange Mali SA et Atel Sa)...","The available content on the website focuses on universal access to telecom services and fund collection but contains no evidence indicating that the company directly provides smartphone financing. Therefore, it cannot be classified as a provider, aggregator, or partner_only. The service relationship is unclear or not mentioned, leading to classification as unknown."
mboasu.com,False,0.9,unknown,https://www.mboasu.com/en/Mali.html,"Recharge a Mobile in Mali. Recharge mobiles of friends and familly. We have the lowest prices!... Send a gift to your loved one back at home, recharge her mobile credit directly from your home. No need to move to a shop, place your order online and your relative will receive his airtime directly into his phone.","The retrieved page only provides services for mobile airtime recharge and does not offer any evidence that the company directly provides smartphone financing, sales on installments, leasing, or underwriting. There is no mention of partnerships or third-party financing either. Therefore, based on the provided page, this company’s role related to smartphone financing is unknown."
waricel.com,True,0.9,unknown,https://www.waricel.com/orange-money-transfer-mali,"Mali - Transfert d'argent Mobile Money TRANSFERT D'ARGENT INTERNATIONAL Directement sur les comptes Orange Money, MTN Mobile Money, Moov Money.","The provided page indicates that Waricel offers international mobile money transfer services but contains no evidence that it directly provides smartphone financing or closely related services. Therefore, based on the provided evidence and instructions, the entity type must be 'unknown'."
topup-balance.com,True,0.9,unknown,https://topup-balance.com/en-ml/mobile-mali,"TopUp-Balance provides a simple and convenient way to top up your mobile phone balance online, no matter where you are... To top up your mobile phone balance, follow three simple steps: 1. Choose the country and operator from the list provided by the service. 2. Specify the amount you want to spend on mobile communication. 3. Make the payment using a convenient method and confirm the transaction.","The retrieved page from the domain indicates the company is a service for mobile balance top-up, supporting payments and recharging mobile operators worldwide. There is no indication that Topup Balance directly offers smartphone financing or related installment services. No evidence suggests they underwrite, lease, or finance smartphones. Therefore, according to the rules, the entity type is 'unknown'."
maya.net,True,0.9,unknown,https://maya.net/esim/mali,"Our Mali eSIM plans are data only eSIM plans. They do not include a local number. ... There is no mention of financing, leasing, or selling smartphones on installments.","The retrieved page content solely discusses prepaid and unlimited data eSIM plans, including top-ups and connectivity features. There is no evidence that the company or domain offers smartphone financing, leasing, underwriting, or installment sales. Therefore, based on the provided information and rules, the company/domain role related to smartphone financing is unknown."
rechargemobile.co,True,0.8,unknown,https://www.rechargemobile.co/fr/mali,"Rechargez en ligne votre mobile au Mali - Recharge Mobile Achetez en ligne du crédit téléphonique pour recharger un numéro prépayé au Mali, pour vous ou vos proches.","Based solely on the provided page, Rechargemobile offers mobile phone credit top-ups and related prepaid services but does not provide any indication it offers smartphone financing services directly or through partners. Therefore, the entity type is classified as unknown due to insufficient evidence linking it to the target category."
allo.monisnap.com,True,0.9,unknown,https://allo.monisnap.com/gb/countries/ml/operators/orange | https://allo.monisnap.com/fr/pays/ml,"Monisnap offers you to top up the mobile of your relatives abroad in a few seconds. ... Pay online on Monisnap. There you go, the top-up is credited to your beneficiary's phone in a few seconds, you don't have to do anything! ... With Monisnap, the top-up you buy online is automatically credited to your beneficiary's phone! ... No, our Orange Mali top-ups are automatically sent to your beneficiary within minutes. | Rechargez du crédit d'appel, SMS et internet pour vous ou vos proches au Mali avec Orange, Boomplay, Malitel, Telecel.","All retrieved pages show that Allo Monisnap acts as a provider of mobile phone top-up services for various mobile operators in Mali. There is no evidence in the provided pages that the company or domain directly offers smartphone financing, installment sales, leasing, underwriting, or financing. Instead, they focus on mobile credit recharge services for calls, SMS, and internet bundles. Therefore, the company/domain does not directly provide the target category 'smartphone_financing', and no partner financing relationship or aggregator role is indicated."
dgi.gouv.ml,False,0.9,unknown,https://www.dgi.gouv.ml/reel | https://www.dgi.gouv.ml/ | https://www.dgi.gouv.ml/comment-obtenir-des-renseignements-sur-nos-bureaux,UR AJOUTEE 192?311 Actif D.G.E ... SOCIETE DES MINES D'OR DE KALANA TAXE/VALEUR AJOUTEE 41?913 Actif D.G.E ... | actifs Qualité de service - Les engagements de la DGI (Normes de service) - Le secret professionnel ... | ommercial Téléphone ... Direction Régionale des Impôts ... Modèles d'annexe - Attestations - Code Général des Impôts ...,"None of the retrieved pages show that 'DGI Gouv ML' or its domain directly offers, finances, underwrites, leases, or sells smartphone financing. The content focuses on tax, fiscal services, and administrative information with no mention of smartphone financing services, partners providing such financing, or aggregator functions. Therefore, the entity type is classified as 'unknown' and not validated."
financesonefiles.worldbank.org,True,0.9,unknown,https://blogs.worldbank.org/en/africacan/digital-financial-services-can-bring-inclusion-and-growth-mali | https://financesonefiles.worldbank.org/f-one/DS01154/Contract/Awards/in/Investment/Project/Financing///for/Projects/in/Africa/region.csv | https://blogs.worldbank.org/fr/africacan/potentiel-des-services-financiers-numeriques-pour-favoriser-inclusion-et-croissance-au-Mali,"Thanks to DFS, individuals can make payments, receive remittances, access savings, credit, insurance, and investments. | List of various contracts and financing projects, none related to smartphone financing or installment sales of smartphones. | Téléphonie mobile permet à des personnes ... d'accéder à l'assurance et au crédit.","The retrieved pages discuss digital financial services and financial inclusion generally, including credit and insurance accessible via mobile technology. However, there is no explicit evidence that Financesonefiles Worldbank directly provides smartphone financing, sells smartphones on installments, or underwrites smartphone loans. The evidence is either generic about digital financial services or about third-party projects and contracts unrelated to smartphone financing. Therefore, the classification is 'unknown' due to insufficient specific evidence."
bceao.int,,0.0,unknown,,,"Domain pages were present, but none contained indexable text for validation."
paybindi.com,True,0.9,provider,https://paybindi.com/ | https://paybindi.com/,"Une fois approuvé, sélectionnez votre plan de paiement préféré parmi les options disponibles : hebdomadaire, bihebdomadaire ou mensuel. Payez le solde restant en plusieurs versements selon le plan que vous avez choisi, sur une période maximale de 6 mois. | Notre technologie PAYBINDI Lock peut verrouiller le smartphone si le solde n’est pas payé selon l’échéancier convenu. Cela assure la sécurité du financement et protège votre investissement.","The provided pages show that Paybindi directly offers smartphone financing with installment payment plans of up to 6 months and uses a proprietary locking technology to ensure payment compliance, indicating they are a direct provider of smartphone financing, not merely a partner or an aggregator."
boamali.com,False,0.8,unknown,https://www.boamali.com/particuliers/prets/pret-personnel | https://www.boamali.com/particuliers/prets | https://www.boamali.com/pme/financements/financement-des-investissements,"Le Prêt Personnel est un prêt à moyen terme sur maximum 84 mois destiné à financer l’achat de biens de consommation ou d’équipement | Prêt Personnel, Prêt Vitamine, Prêt Ramadan, Prêt Véhicule Ikamobili ... | Le crédit d’investissement vous permet de financer des dépenses d’investissement relatif à la création, extension ou modernisation des équipements d’une entreprise.","The provided pages show that Bank of Africa Mali offers various loan products including personal loans that can be used to purchase goods or equipment. However, there is no specific or direct mention of financing smartphones specifically, nor does the company explicitly state that it finances, underwrites, leases, or sells smartphones on installments. There is no indication that smartphone financing is handled through a partner either. The evidence is insufficient and ambiguous to classify as provider, aggregator, or partner_only. Therefore, the most appropriate classification is 'unknown'."
pixmania.com,True,0.9,provider,https://www.pixmania.com/fr/fr/telephones/smartphones.html | https://www.pixmania.com/fr/fr/smartphones-samsung.html,Paiement de 3 à 36 fois - Garanti jusqu'à 24 mois - Vendeurs Certifiés - Produits neufs et reconditionnés | Samsung Galaxy - Paiement en plusieurs fois Retrouvez tous les modèles de Smartphones Samsung neufs et reconditionnés.,"The retrieved pages show Pixmania offering smartphones with payment plans from 3 to 36 installments directly on their website, confirming they directly provide financing options for smartphones without indication that it is only via a partner or as an aggregator."
wearetech.africa,True,0.9,provider,https://www.wearetech.africa/fr/fils/solutions/senegal-nixacom-propose-des-paiements-echelonnes-pour-des-produits-tech | https://www.wearetech.africa/fr/fils/solutions/senegal-nixacom-propose-des-paiements-echelonnes-pour-des-produits-tech,"« Un client se connecte sur notre site Web et choisit le produit qu'il recherche, remplit un KYC, et une fois que nous avons reçu toutes les informations, nous voyons avec laquelle de nos institutions partenaires ils sont éligibles, nous les finançons directement à travers nous, et nous leur fournissons leur produit » a indiqué Cheikh Gueye à Disrupt Africa. | Nixacom collabore effectivement avec diverses institutions financières. Elle propose des paiements en 12 ou 24 mois en fonction des revenus de l’utilisateur et du produit pour lequel il a opté.","Based on the information from the retrieved page about Nixacom, a platform under the Wearetech Africa domain, the company directly offers smartphone financing by underwriting and providing products on installment payments (12 to 24 months). The company itself finances the customers (not just referring them to partners), fitting the 'provider' entity type. Other pages retrieved did not contradict or add relevant details. Hence, the entity type is confidently classified as 'provider'."
afgbankmali.com,True,0.8,unknown,https://afgbankmali.com/credit | https://afgbankmali.com/epargne-placements,"Quel montant pour le crédit immobilier ? En fonction de votre projet, de votre apport personnel et de votre capacité de remboursement, votre conseiller détermine le montant du prêt et des mensualités. ... Quel est le taux d’intérêt du prêt immobilier ? Le taux d’intérêt du prêt immobilier est négociable. ... | À son terme, le PEP donne droit à crédit à un taux préférentiel. Il permet d’emprunter à hauteur de deux fois le capital déposé, hors intérêt. Il ne peut excéder 4 000 000 FCFA.","The retrieved pages from the domain afgbankmali.com describe credit and savings products primarily related to real estate loans and general consumer credit but contain no explicit mention or evidence that the company directly provides smartphone financing. There are no indications of direct selling, leasing, underwriting, or installment financing specifically for smartphones. Thus, based on the provided information, the entity type cannot be confirmed as a provider, aggregator, or partner_only for smartphone financing. Since there is no evidence about partners or third-party smartphone financing references either, the classification is unknown."
apple.com,True,0.9,partner_only,https://www.apple.com/fr/shop/browse/financing | https://support.apple.com/fr-ml/guide/apple-card-web-servicing/devf02de526c/web,"Payez en plusieurs fois avec Cetelem. Lors du paiement, vous pourrez choisir les mensualités qui vous conviennent le mieux. Un crédit vous engage et doit être remboursé. Vérifiez vos capacités de remboursement avant de vous engager. | When you purchase an eligible Apple product, you can choose Apple Card Monthly Installments as your payment type at checkout instead of choosing to pay in full.","The retrieved pages show that Apple offers installment payment options through the Apple Card and also provides financing via a third-party provider, Cetelem. Apple does not directly underwrite or finance smartphones on installment but acts as a partner offering financing through these mechanisms. Therefore, the correct classification is partner_only."
trustonic.com,True,0.85,provider,https://www.trustonic.com/device-locking/carriers,"Our carrier device financing platform opens new revenue generation opportunities for telecom carriers in underserved markets, including prepaid plans, reducing the risks of bad debt and missed customer payments. Benefits Say ‘yes’ to more customers with carrier device financing ‘Nudge’ consumers into paying upcoming and outstanding bills with Trustonic. On average, Trustonic helps reduce delinquency and bad debt, in prepaid and postpaid, financed smartphones by 70%. Typically, that allows you to say ‘yes’ to 100% more customers.","The content from Trustonic's domain clearly describes their direct involvement as a provider of smartphone financing solutions through device financing platforms for carriers. They enable customers to pay for smartphones in instalments, managing credit risk and increasing affordability, which matches the criteria for a provider of smartphone financing services. No indications were found that Trustonic only partners with other companies or simply aggregates or lists third-party financing options."
hps-worldwide.com,False,0.3,unknown,https://www.hps-worldwide.com/blog/buy-now-pay-later-shaping-global-credit-and-commerce,"Buy Now, Pay Later is transforming how people finance purchases and how businesses structure payment offerings. With global transaction volumes accelerating across e-commerce and in-store channels, BNPL is moving from niche innovation to mainstream financial infrastructure.","The retrieved page discusses Buy Now, Pay Later trends in general but does not provide evidence that HPS Worldwide directly offers, finances, underwrites, leases, or sells smartphone financing. No explicit mention is found that the company is a provider, aggregator, or partner for smartphone financing specific to their own services."
blogs.worldbank.org,True,0.8,unknown,https://blogs.worldbank.org/en/africacan/digital-financial-services-can-bring-inclusion-and-growth-mali | https://blogs.worldbank.org/fr/africacan/potentiel-des-services-financiers-numeriques-pour-favoriser-inclusion-et-croissance-au-Mali | https://blogs.worldbank.org/fr/africacan/optimiser-les-transferts-monetaires-grace-aux-technologies-mobiles-mali,"Insights from the World Bank DE4A policy note on Digital financial services (DFS) and the World Bank project to promote access to finance ( PAFEEM ) highlight the potential to leverage technology in enhancing inclusive growth and recovery in Mali. DFS played in key role in increasing financial inclusion from 43% to 55% in Sub-Saharan Africa. Thanks to DFS, individuals can make payments, receive remittances, access savings, credit, insurance, and investments. | La téléphonie mobile permet à des personnes comme Moussa non seulement de communiquer, mais aussi d'envoyer de l'argent, d'épargner et d'accéder à l'assurance et au crédit. Plus largement, ... la technologie a la capacité de soutenir une croissance inclusive et le redressement du pays. | Depuis le lancement du projet en 2013, le gouvernement malien, avec le soutien de la Banque mondiale, a déjà accordé des transferts monétaires à plus de 103 000 ménages.","The retrieved pages from blogs.worldbank.org discuss digital financial services, mobile money, credit access, and government-supported social transfers in Mali. However, none of the documents provide evidence that the company or domain directly provides smartphone financing services by offering, underwriting, leasing, or selling smartphones on installments. The content is about digital finance's role in inclusion and policy rather than a direct service provider. Hence, the classification is 'unknown' due to insufficient evidence."
theses.hal.science,,0.0,unknown,,,"Domain pages were present, but none contained indexable text for validation."
finances.ml,,0.0,unknown,,,"Domain pages were present, but none contained indexable text for validation."
mastercard.com,True,0.9,provider,https://www.mastercard.com/global/en/business/payments/consumer-payments/next-gen-payments/mastercard-installments.html | https://www.mastercard.com/fr/fr/business/payments/consumer-payments/next-gen-payments/mastercard-installments.html,"Card-linked installments Mastercard Installments Payment Services enables issuers to add installments as a feature on their existing card portfolios. Consumers can choose to pay in installments using their existing card, both during purchase and post purchase. | Mastercard Installments permet aux consommateurs de différer leur paiement, en achetant ce dont ils ont besoin et en échelonnant les paiements au fil du temps. Offres de paiement échelonné personnalisables Définissez les durées des versements et les options de remboursement pour offrir des propositions adaptées au client.","The retrieved pages consistently describe Mastercard offering its own installment payment service under 'Mastercard Installments,' allowing consumers to pay in installments using Mastercard card portfolios. The service includes payment deferral, customizable installment plans, and is directly linked to Mastercard’s own financial product offerings. There is no indication that Mastercard is simply a marketplace or only a partner; rather, it directly provides the financing service. Hence, company/domain is classified as a 'provider' with high confidence."
bnda-mali.com,True,0.7,unknown,https://bnda-mali.com/fr/comment-avoir-un-financement-pour-son-projet-au-mali | https://www.bnda-mali.com/fr/produit/prets,"La BNDA vous accorde plusieurs types de crédit pour répondre à vos différents besoins d’Équipement, d’Investissement et autres activités permettant de réaliser vos projets. | BNDA propose notamment des prêts pour des besoins comme le prêt scolaire et le soutien aux PME, mais il n’y a aucune mention explicite du financement de smartphone ou des offres d’achat en plusieurs fois pour ce type de produit.","Based on the retrieved pages, BNDA offers general credit and loan services for projects and investments but there is no clear or explicit evidence that BNDA directly provides or finances smartphones on installments. There is also no indication that BNDA acts as a partner-only or aggregator for smartphone financing. Therefore, the most appropriate classification given the available evidence is 'unknown'."
oumistore.com,False,0.8,unknown,https://oumistore.com/,Vendu avec tacture et garantie ... iPhone 16 Pro Max Etat : 10/10 Capacité : 256GB Face ID : Ok ✅ Batterie : 96% Écran True Tone ✅ 📞: +223 Vendu avec tacture et garantie ... Prix : 750.000 CFA,"The retrieved page from the domain shows direct sales of smartphones, specifically iPhones with guaranteed condition and pricing. However, there is no mention or evidence of smartphone financing services such as installment plans, leasing, or underwriting by the company itself. Hence, the company cannot be classified as a provider or partner_only. It is not an aggregator either. Due to lack of sufficient evidence, the entity type is classified as unknown."
alios-finance.com,False,0.3,unknown,https://www.alios-finance.com/site/fr/mali/countrie.php | https://www.alios-finance.com/site/fr/mali/contact.php,Alios Finance Mali (anciennement connue sous le nom SOMAFI) est une succursale d’Alios Finance Côte d’Ivoire qui propose les solutions de financements suivantes : Crédit-Bail mobilier Location Longue Durée Crédit Investissement Crédit Court Terme | Alios Finance Algérie Burkina Faso Cameroun Côte d’ivoire Gabon Kenya Mali Sénégal Tanzanie Tunisie Zambie Alios finance group,"The retrieved pages describe Alios Finance as a provider of several financial services, including leasing (Crédit-Bail mobilier) and various loans, but there is no explicit evidence from the provided content that Alios Finance directly offers smartphone financing specifically or sells smartphones on installment plans. The information is related to general financing solutions without indication of smartphone financing. Therefore, the entity type cannot be confirmed as a provider, aggregator, or partner_only for smartphone financing. The safe classification is 'unknown' due to insufficient evidence."
findevgateway.org,True,0.8,unknown,https://www.findevgateway.org/fr/publication/2020/07/le-paysage-fintech-malien,"Facteurs clés pour que les FinTechs au Mali réussissent à stimuler l’inclusion financière : développer les compétences des entrepreneurs et renforcer les services de développement d’entreprise destinés aux FinTechs. Les FinTechs peuvent améliorer l’inclusion financière, à condition d’établir des partenariats avec des universités, de renforcer les capacités des incubateurs et d’adopter une réglementation efficace.","The provided retrieved page contains no direct evidence that the company or domain findevgateway.org offers smartphone financing directly. The content only discusses fintech ecosystem and capacity building without mentioning financing, underwriting, leasing, or selling smartphones on installments. Therefore, the entity type is classified as 'unknown' due to insufficient evidence."
bibliosante.ml,,0.0,unknown,,,"Domain pages were present, but none contained indexable text for validation."
southsouth.contentfiles.net,,0.0,unknown,,,"Domain pages were present, but none contained indexable text for validation."
agenceecofin.com,False,0.1,unknown,https://www.agenceecofin.com/actualites-numerique/0702-125622-les-telecoms-pour-financer-le-developpement-social-le-pari-du-gouvernement-malien | https://www.agenceecofin.com/monetique/0306-119168-mali-le-nombre-d-abonnes-mobile-money-a-augmente-de-150-en-cinq-ans | https://www.agenceecofin.com/operateur/1803-18472-malitel-lance-mobicash-son-service-de-transfert-d-argent-mobile,"Les articles évoquent principalement des partenariats et initiatives dans le secteur numérique et mobile money sans mentionner un service de financement direct de smartphones, ni la vente ou leasing de smartphones en plusieurs versements par Agenceecofin. | L’article parle de la croissance de mobile money et services liés en Afrique, sans indication que Agenceecofin est un fournisseur direct de financement ou crédit pour smartphones. | Le contenu décrit le lancement d’un service de transfert d’argent mobile par Malitel, sans lien avec un service de financement ou leasing direct de smartphones par Agenceecofin.","Based on the retrieved pages, there is no direct evidence that Agenceecofin offers smartphone financing services itself, either by financing, selling on installments, underwriting, or leasing. The content mostly discusses mobile money services and partnerships in the telecom sector but does not describe Agenceecofin as a provider or partner in smartphone financing. Therefore, the entity type is unknown and validation is false with low confidence."
fr.scribd.com,False,0.9,unknown,https://fr.scribd.com/document/721231200/Fiscalite | https://www.scribd.com/document/866356761/Samsung-Mobile-Installment-Rates-01-05-2025 | https://fr.scribd.com/document/876922045/Guide-Acheter-Alibaba-Mali,"Le document traite de la fiscalité pratique des entreprises en Côte d'Ivoire. Il définit notamment les notions fondamentales de l'impôt, les principes et rôles de l'impôt, ainsi que les différents régimes d'imposition existants en Côte d'Ivoire. | The document lists various Samsung camera models with specifications including display size, pixel density, battery capacity, and pricing. Each model has associated prices for both a 12-month installment plan and a first installment amount. | Le document fournit un guide sur l'achat sur Alibaba et AliExpress depuis le Mali, incluant la création de compte, la recherche de produits fiables, les moyens de paiement disponibles, et les options de livraison.","None of the retrieved pages provide evidence that Impôts or the fr.scribd.com domain directly offers smartphone financing, leasing, underwriting, or sales on installment specifically. The documents either discuss unrelated tax topics, product installment pricing unrelated to the company, or general shopping guides. Therefore, the classification is 'unknown' due to insufficient and unrelated evidence."
shop.sosh.fr,True,0.9,provider,https://shop.sosh.fr/mobile/forfaits-mobiles,Sosh vous propose des solutions de financement pour acheter votre appareil seul et régler en plusieurs fois.,"The provided page clearly indicates that Shop Sosh FR offers repeat payment (installment) options to finance the purchase of smartphones directly, fulfilling the criteria for being classified as a provider of smartphone financing. There is no indication that the financing is offered by a separate partner or that the company acts merely as an aggregator or marketplace."
bms-sa.ml,True,0.8,provider,https://bms-sa.ml/faq-aide,"Les prêts : Avance sur salaire, consommation, équipement, immobilier, TABASKI, RAMADAN, scolaire, Nouvelles technologie pour l’achat de smartphones et tablettes (en cours), énergie solaire.","The company directly provides financing for smartphones as part of its loan services according to the FAQ page. This indicates that it is a direct provider of the target category smartphone_financing, as it offers credit for purchases of smartphones and tablets."
gomoworld.com,True,0.9,unknown,https://www.gomoworld.com/fr/destinations/Mali,"z de forfaits de données à partir de 3,99€, avec une couverture fiable et sans engagement. Skip to main content Accueil Destinations Mali eSIM pour Mali Mali 4.7 Avec GoMoWorld, dites adieu aux frais d'itinérance élevés : pas de carte SIM physique, pas de contrats longs, juste une connectivité fluide. Gardez votre numéro actuel et utilisez votre eSIM GoMoWorld pour un accès facile aux données où que vous soyez. Forfaits de données au Mali à partir de 3,99€. Couverture exceptionnelle grâce aux principaux réseaux maliens.","The retrieved page from gomoworld.com only discusses data plans and eSIM services for mobile internet. There is no mention of the company directly providing smartphone financing or related installment services. Therefore, the company's role regarding smartphone_financing is unknown based on the provided evidence."
bamakogadget.com,False,0.1,unknown,https://bamakogadget.com/ | https://bamakogadget.com/shop/categorie/accessoires-auto,Smartphones • TV • Informatique 🚚 Livraison rapide à Bamako Promo ⭐ Best Deals TV & PC au meilleur prix Livraison rapide à Bamako | Téléphones & Accessoires Électroménager Blenders & Mixeurs Accessoires Auto,"The retrieved pages mainly list product categories and promotions for smartphones and electronics but contain no explicit evidence that Bamakogadget directly provides, finances, leases, or sells smartphones on installments, nor that it acts as an aggregator or partner with financing providers. There is insufficient evidence to classify the company as provider, aggregator, or partner_only for smartphone financing."
ubamali.com,True,0.7,unknown,https://www.ubamali.com/ | https://www.ubamali.com/product-services/instant-bills-pay,"Nous proposons une gamme de produits électroniques de vente au détail ... vos informations de compte bancaire... Des solutions d'affaires ... Sélectionnez un intérêt Investissements Choix de carte Type de compte Des économies Les prêts Solutions d'entreprise ... | Instant Bills Pay est une plateforme efficace, sécurisée, rapide et facile à utiliser qui permet aux commerçants de collecter le paiement des factures en ligne auprès des clients.... ce produit est destiné aux entreprises offrant des produits ou service payant sur Internet.","Based on the provided retrieved pages, Ubamali operates as a bank providing digital banking, payment, and loan services, but there is no direct evidence that they finance, lease, sell, or underwrite smartphones specifically or in installments. Therefore, they cannot be classified as a provider. There is also no indication that they act as an aggregator or only refer to partners for smartphone financing. The evidence is sufficiently clear to conclude unknown."
electronicshop.biz,True,0.9,unknown,https://electronicshop.biz/ | https://electronicshop.biz/fr/9-telephone | https://electronicshop.biz/fr/magasins | https://electronicshop.biz/fr/nous-contacter,Smartphones Les meilleurs smartphones du marché aux meilleurs prix pour les clients de la boutique | Téléphone Appelez-nous : 76320733 ... Veuillez nous excuser pour le désagrément. Effectuez une nouvelle recherche | Electronic Shop Niamacoro Cité Unicef Bamako Mali Appelez-nous : 76320733 | Contactez-nous Appelez-nous : 76320733,"Based solely on the retrieved pages, Electronic Shop advertises the sale of smartphones but provides no direct evidence of offering or underwriting smartphone financing or installment sales. There is no indication they act as a provider or partner for financing; nor do they aggregate or list third-party financing options. Therefore, the classification is 'unknown' due to insufficient evidence."
orange.sn,True,0.9,provider,https://www.orange.sn/assistance/search,"Disponible aussi à crédit dans les agences Orange : Acompte : 55 000 F Mensualités : – 3 mois : 50 000 F/mois – 6 mois : 40 000 F/mois. Disponible dans les agences Orange et sur la boutique en ligne. Offrez-vous la puissance photo et la performance avec le Camon 40 chez Orange, au comptant ou à crédit !","The retrieved evidence directly mentions that Orange sells smartphones with financing options (credit at installments) through their own agencies and online store. This matches the criteria for 'provider' since Orange itself offers the target service (smartphone financing) directly. No indication suggests reliance on partners or aggregation only, so the classification as 'provider' with high confidence is justified."
bondeal.org,True,0.8,aggregator,https://www.bondeal.org/ | https://www.bondeal.org/copy-of-acceuil,Comparez et faites vos achats en toute simplicité ! Bénéficiez de prix bas et d'offres exclusives sur une grande variété d'articles. Livraison rapide à Bamako et dans toutes les grandes villes du Mali. | Achetez en toute simplicité tout ce dont vous avez besoin à des prix concurrentiels. Des produits de Qualité à petits prix. Commander vos produits de qualité à des prix moins chers en toute simplicité et securité et payer à la livraison.,"The evidence from the provided pages shows that Bondeal.org is positioned as an e-commerce site or marketplace for online shopping. There is no indication that the company directly offers smartphone financing, installment plans, leasing, underwriting, or similar financial services. The focus is on product purchases with payment on delivery, not on financing. Therefore, the appropriate classification is aggregator."
dgmp.gouv.ml,True,0.9,unknown,https://www.dgi.gouv.ml/reel,"The page consists only of a list of company names, tax status, and other unrelated data with no mention of smartphone financing or related services.","The retrieved page is a list of company names and tax information without any indication that the company or domain provides smartphone financing or any related service. Based on the provided pages and rules, there is insufficient evidence to classify the company as provider, aggregator, or partner_only. Therefore, the correct classification is 'unknown'."
atlantiqueespace.com,False,0.7,unknown,https://atlantiqueespace.com/index.html,Financement de Projets Projets Domestiques Découvert sur Compte – Avance sur Salaire – Avance sur Rappel – Prêt Scolaire – Crédits Conso – Crédit Spécial Noël – Crédit Expres Tabaski – Prêt Ramadan – Projets Immobiliers Crédit Immobilier – CRÉDIT IMMO DIASPORA,"The retrieved page lists various loan and credit products including project financing, consumer credits, and mortgage loans but does not mention any service related to smartphone financing, installment payments on phones, or leasing phones. There is no indication that the company directly offers or underwrites smartphone financing. Also, no evidence shows they aggregate or partner to provide this service. Therefore, based solely on the retrieved page, the classification is unknown and validation is false."
mobile.club,True,0.9,provider,https://www.mobile.club/ | https://www.mobile.club/smartphone,"mobile.club transforme l'usage des smartphones en offrant la possibilité de les louer plutôt que de les acheter. mobile.club propose à la location les derniers modèles d’Apple ou de Samsung à des mensualités raisonnables. Nos tarifs varient de 19,90 euros à 56,90 euros mensuels | À partir de 24,90 € /mois + -∞ € 59 € d’apport... Samsung Galaxy S22 À partir de 17,90 € /mois + -∞ € 49 € d’apport","The company mobile.club clearly offers direct smartphone financing through rental or lease with monthly payments indicated on their domain pages. There is no indication that financing is done by a partner only, nor is it an aggregator site. Thus, the entity type is provider."
cfaoequipment-mali.com,True,0.7,unknown,https://www.cfaoequipment-mali.com/fr/accueil | https://www.cfaoequipment-mali.com/fr/concessions/cfao-equipement-mali,CFAO Equipment Mali Logo Menu Mali Camions Bus Manutention Pneus Service Concession Logo Nos Marques Nos Marques Renault Trucks HINO Trucks King Long TOYOTA Material Handling Bridgestone Techking Camso Schrader Pacific Equipements et carrosseries Goodyear Pirelli SHACMAN Pneus Pneus Service | CFAO Equipement Mali Avenue de l’OUA Près du 7e Arrondissement BP 1655 Bamako (223)44313131 Horaires d'ouverture ... VOIR LA CONCESSION,"The provided pages from the domain cfaoequipment-mali.com primarily focus on vehicles, trucks, buses, handling equipment, tires, and related services. There is no explicit mention that CFAO Equipment Mali offers smartphone financing directly, nor any indication that it is an aggregator or a partner-only provider for this category. Due to the absence of any relevant mention about smartphone financing, the entity type is labeled as 'unknown'."
finapps.tn,True,0.85,provider,https://finapps.tn/services/bnpl-buy-now-pay-later,"At Finapps , our Buy Now, Pay Later (BNPL) solution is designed to give your customers the freedom to split payments into manageable installments — while ensuring full control, security, and integration for banks and merchants. Our BNPL system is fully customizable and integrates seamlessly into your banking infrastructure or merchant application. From credit scoring and customer eligibility to monthly deductions and penalty management — we handle it all.","The provided page explicitly describes Finapps offering a Buy Now, Pay Later service with direct management of credit scoring, eligibility checks, deductions, and penalty management, indicating they directly provide financing on installments. There is no indication that financing is provided only through partners or that Finapps acts solely as a comparison or lead generation site, which supports classifying them as a provider."
baobab.com,True,0.7,unknown,https://baobab.com/ml/credit-entrepreneur,"Baobab offers various credit products such as CRÉDIT PME and CRÉDIT AGRICOLE with different loan amounts and terms, but there is no mention of financing or leasing smartphones or related services.","The retrieved page outlines Baobab's credit offerings focused on business and agricultural loans. There is no direct evidence indicating that Baobab provides financing specifically for smartphones. Therefore, the classification is 'unknown' due to insufficient evidence to classify as provider, aggregator, or partner_only."
combien-coute.net,True,0.9,aggregator,https://www.combien-coute.net/mobile/mali/bamako | https://www.combien-coute.net/mobile/mali,"Découvrez combien coûte un abonnement mensuel à un forfait de téléphonie mobile (avec appels et données) à Bamako : prix moyen, prix minimum et prix maximum. | Découvrez combien coûte un abonnement mensuel à un forfait de téléphonie mobile (avec appels et données) au Mali : prix moyen, prix minimum et prix maximum.","The retrieved pages only provide cost information related to mobile phone subscriptions but do not show any direct involvement of Combien Coute in financing, leasing, underwriting, or selling smartphones or smartphone-related services on installments. Hence, based on the evidence, the company acts as an aggregator or price comparison/information site rather than a direct provider."
republik-retail.fr,False,0.2,unknown,https://www.republik-retail.fr/experience-client/paiement/pratiques/les-chiffres-du-mois-moyens-de-paiement-zoom-sur-le-smartphone-le-bnpl-et-le-paiement-fractionne.html,"Le Buy Now Pay Later séduit déjà près d’un Français sur 5 pour leurs achats online,... le Buy Now Pay Later a le vent en poupe.","The retrieved page only provides general market data about the popularity of Buy Now Pay Later and installment payments in France, referencing demographic usage patterns. There is no explicit statement indicating that Republik Retail FR directly offers smartphone financing or an installment payment service. Therefore, the entity type cannot be confidently assigned as provider, aggregator, or partner_only, and due to insufficient direct evidence, 'unknown' is the most appropriate classification."
wamda.com,True,0.9,partner_only,https://www.wamda.com/en/2025/09/valu-offers-egypt-p2p-bnpl-solution-mobilemasr,"This first-of-its-kind service allows individuals to securely buy and sell mobile phones directly from one another using Valu’s flexible payment plans and MobileMasr’s patented diagnostic technology. ... The buyer can seamlessly select Valu as the payment method, receiving instant confirmation of a payment plan of up to 60 months, plus a limited-time offer of up to 12 months with 0% interest, 0% purchase fees, and 0% down payment.","The retrieved page shows that Valu offers the financing service integrated with MobileMasr's platform for second-hand smartphones, indicating Wamda (the domain) is presenting this partnership. There is no direct evidence that Wamda itself underwrites, sells, leases, or directly finances smartphones; instead, it references a separate partner (Valu). Thus, the correct classification is 'partner_only' with high confidence."
capitalfm.co.ke,True,0.7,unknown,https://www.capitalfm.co.ke/business/2025/09/jumia-watu-credit-unveil-bnpl-model-for-smartphones,"E-commerce platform Jumia has partnered with Watu Credit to roll out a buy now, pay later (BNPL) model that enables Kenyans to access smartphones through flexible financing.","The only information found mentions a partnership by Jumia and Watu Credit for smartphone BNPL financing. There is no indication that Capitalfm itself provides or directly facilitates smartphone financing. As such, based on the retrieved content alone, the entity type is unknown since the evidence is insufficient to classify it as provider, aggregator, or partner_only."
s2mworldwide.com,True,0.6,unknown,https://s2mworldwide.com/en/solution/bnpl,"Buy now, pay later (BNPL) is commonly referred to as interest-free installment credit, enabling consumers to finance their purchases on specific terms at point-of-sale or online.","The only retrieved page discusses BNPL solutions in a general financial services context but does not provide clear or direct evidence that S2mworldwide specifically offers smartphone financing. The content is ambiguous regarding direct provision versus a broader BNPL offering, lacking direct connection to the target category of smartphone financing."
danew.fr,True,0.7,unknown,https://danew.fr/,"Danew - Smartphones, tablettes, image et son - Danew Enregistrez dès à présent votre produit DANEW afin de bénéficier de la pleine garantie de votre matériel et ainsi pouvoir être informé sur nos dernières ...","The retrieved page from the danew.fr domain only shows that Danew sells smartphones and other electronic products. There is no direct mention or evidence of Danew providing smartphone financing services themselves, nor mention of financing partners, marketplaces, or aggregator functions. Therefore, the entity_type is unknown due to insufficient evidence."
intouchgroup.net,True,0.7,unknown,https://www.intouchgroup.net/en/notre-reseaux/mali | https://www.intouchgroup.net/en/notre-reseaux/mali,"Discover our large network of 60,000 TouchPoints What country do you want to contact? Ivory Coast Senegal Guinea Mali Burkina Cameroon | Simplify the daily life of your employees or customers by offering them personalized digital credit solutions and expense management tools adapted to their needs.","The retrieved page for Mali domain from intouchgroup.net provides information about digital credit solutions and a payment network but lacks explicit evidence that the company directly provides smartphone financing services such as financing, underwriting, leasing, or installment sales of smartphones. The provided content is vague and does not confirm the offering of the target category. Therefore, the entity type is best classified as 'unknown' according to the task rules."
studiotamani.org,,0.0,unknown,,,No relevant evidence pages were retrieved for validation.
easy-delivery.com,True,0.9,unknown,https://www.easy-delivery.com/fr/livraison/iphone/mali,"Easy-Delivery fournit une adresse de réexpédition en France ou aux États-unis. Achetez en France ou aux Etats-Unis, nous livrons chez vous","The provided page content only demonstrates that Easy-Delivery offers international delivery and re-shipment services for Apple iPhones but contains no evidence that the company itself directly offers smartphone financing or installment plans. Since no partner financing or aggregator role is described either, the best classification based on the rules and evidence is 'unknown'."
cofinacotedivoire.com,True,0.8,provider,https://www.cofinacotedivoire.com/conditions-generales-de-financement-pour-loctroi-de-smartphone-a-credit-par-cofina,OCTROI DE SMARTPHONE A CREDIT PAR COFINA Vous trouverez ci dessous les conditions générales de financement pour l'octroi de smartphone à crédit par COFINA,"The provided page clearly mentions that COFINA grants smartphones on credit, which means the company directly provides smartphone financing. Therefore, the appropriate entity type is 'provider'. The confidence is relatively high because the evidence is directly from the company's page and explicitly states the service."
cofinamali.com,True,0.7,unknown,https://www.cofinamali.com/,Nos Produits Pack Solo ... Accès au crédit (sous conditions) ... Pack Pro ... Accès au crédit (sous conditions) ... Pack Business ... Accès au crédit (sous conditions) : Plafond illimité,"The retrieved page from cofinamali.com describes various financial products including credit access under conditions, but there is no explicit mention of direct smartphone financing services such as financing the purchase of smartphones, leasing, or selling smartphones on installments. As such, there is insufficient evidence to classify the company as a direct provider, aggregator, or partner only. Therefore, the appropriate classification based on the available evidence is 'unknown'."
sama.finance,True,0.8,unknown,https://sama.finance/,"SAMA Finance ... est l'une des premières institutions de microfinance créées au Mali ... Nous proposons une gamme de produits et services financiers simples, adaptés à vos besoins ... Simulateur de prêt ... Qui sommes-nous ? ... SAMA Finance a pour mission de participer à l'inclusion financière en offrant des services digitaux de microfinance accessibles à tous.","The retrieved page presents Sama Finance as a microfinance provider offering loans and savings products. There is no direct evidence that Sama Finance provides smartphone financing specifically. There is no indication they finance, sell, lease, or underwrite smartphones or smartphone purchases. Since no partner or aggregator relationship is mentioned either, the best classification is 'unknown' due to insufficient or ambiguous evidence."
jazz.com.pk,True,0.9,partner_only,https://jazz.com.pk/jazz-x-kistpay-smartphone-installment-plan,the financed device is the property of Kistpay Private Limited until full and final payment has been received by Kistpay Private Limited ... Kistpay reserves the right to take action including blocking of the mobile phone ... Customer also agree to register and subscribe to Kistpay Anti-theft ... Insurance claim will be settled as per the Takaful insurance company policy to Kistpay Private Limited on behalf of the customer and Kistpay will settle to customer after deducting/settling its dues.,"The retrieved page clearly shows that the smartphone financing installment plan is provided by Kistpay Private Limited, with Jazz facilitating or partnering but not directly providing or underwriting the financing. Therefore, the company/domain should be classified as partner_only for the target category smartphone_financing."
yes.my,True,0.9,provider,https://www.yes.my/iphone,"Own iPhone 17 Pro for RM65/mth Uncapped 5G Data & Speed RM0 upfront payment 0% monthly instalment ... Your next phone, powered by easy financing ... Lowest monthly instalments Get the lowest instalments with 0% interest up to 36 months.","The page clearly shows that yes.my offers smartphones with installment plans, including 0% interest and no upfront payment, which indicates direct financing of smartphones. Therefore, it directly provides the target service of smartphone financing."
intesasanpaolobank.si,True,0.8,unknown,https://www.intesasanpaolobank.si/en/prebivalstvo/mobilna-placila.html,"Mobile payment Replace your wallet with your mobile phone, which now allows you to perform different types of payments. ... You may choose between different options Your mobile phone allows you to use different options of mobile payment. All mobile payments Apple Pay Google Pay Flik withPay ...","The provided page talks about mobile payment services offered by Intesa Sanpaolo Bank, allowing payments via mobile phones using Apple Pay, Google Pay, and Flik. There is no evidence that the bank itself directly provides smartphone financing or installment plans for smartphones. Therefore, it is not a provider, aggregator, or partner_only for the target category. The output is 'unknown' because of insufficient evidence."
isystem.jo,True,0.8,provider,https://isystem.jo/installment,0% installment Trade-in,"The retrieved page from isystem.jo clearly states that the company offers '0% installment' plans for their Apple products, including iPhones. This confirms that Isystem JO directly provides smartphone financing services by allowing customers to purchase phones on installment plans."
jumia.ci,True,0.8,aggregator,https://www.jumia.ci/,"Site d'eCommerce N°1 d'Achat et de Vente en Ligne ✔Smartphones, TVs, Laptops, Réfrigérateurs, Robot de cuisine, Vêtements et plus encore ✔Paiement à la livraison","The provided webpage only shows that Jumia.ci is an online marketplace for phones and other products with payment on delivery, but there is no evidence that the company directly provides smartphone financing services. It is not providing financing itself but acting as a marketplace listing phones for sale. Therefore, it is classified as an aggregator."
dabafinance.com,False,0.9,unknown,https://dabafinance.com/fr/nouvelles/le-mali-introduit-des-taxes-sur-les-tlphones-portables-pour-financer-la-scurit-face--linsurrection-montante,Daba est la première plateforme d'investissement en Afrique pour les marchés privés et publics.,"The provided page discusses taxation and investment platforms related to Daba Finance but offers no evidence of direct involvement in smartphone financing or related services. Thus, based on the retrieved page only, the company's role in the smartphone financing category is unknown and not validated."
agencebio.org,,0.0,unknown,,,"Domain pages were present, but none contained indexable text for validation."
afrimag.net,True,0.8,unknown,https://afrimag.net/lincroyable-boom-mobile-money-mali,the mobile money is a true driver of financial inclusion in Mali... but no direct mention of Afrimag providing smartphone financing or installment sales is present,"The provided retrieved page only mentions mobile money and financial inclusion trends in Mali, without any evidence that Afrimag directly provides or finances smartphones on installments, or acts as an aggregator or partner for such financing. Therefore, the company’s direct involvement in smartphone financing is unknown based on the evidence."
prnewswire.com,True,0.8,unknown,https://www.prnewswire.com/news-releases/orange-finances-money-mali-et-terrapay-etablissent-un-partenariat-strategique-pour-des-paiements-transfrontaliers-fluides-302028891.html,"The retrieved page content is mostly a generic and incomplete text overview of various industries and categories without any mention of smartphone financing, financing services, or related offerings by Prnewswire.","Based on the provided retrieved page, there is no direct evidence that Prnewswire offers smartphone financing or related installment services. The content is generic and unrelated to the target category. Therefore, the entity type must be 'unknown' due to insufficient evidence."
imtfi.uci.edu,,0.0,unknown,,,"Domain pages were present, but none contained indexable text for validation."
orabank.net,True,0.7,unknown,https://www.orabank.net/fr | https://www.orabank.net/fr/filiale/mali/actualites/orabank-mali-lance-le-pass-money-moov,"Crédits et facilités, le coup de pouce pour vous équiper Profitez d’un crédit court ou moyen terme…d’équipement ou immobilier. | Avec le service Bank to Wallet, les clients d’Orabank et de Moov Africa Mali ont désormais la possibilité de lier leurs comptes Orabank à leurs comptes Moov Money et vice-versa.","Based on the retrieved pages from the domain orabank.net, there is no clear or direct evidence that Orabank itself provides smartphone financing. They offer general equipment credit and mobile money account linkage, but these do not fulfill the criteria for direct smartphone financing, leasing, or installment sales. Therefore, the proper classification is 'unknown' given insufficient evidence to confirm provider, aggregator, or partner_only status."
global.microless.com,False,0.6,unknown,https://global.microless.com/mobile-phones/samsung/b/l,Fulfilled by Microless ... Compare ... Delivered by Mar 25 Free store pickup,"The retrieved page lists smartphones available through Microless with pricing and fulfillment details, but there is no direct evidence indicating that Microless offers smartphone financing services such as loans, installment plans, or leases. Without explicit mention of financing services provided directly by the company/domain, it cannot be classified as a provider, aggregator, or partner_only for smartphone financing. Therefore, the entity type is unknown and validation is false due to insufficient evidence."
yugatech.com,True,0.9,partner_only,https://www.yugatech.com/mobile/samsung-galaxy-j7-pro-to-be-offered-at-0-installment-plan,Samsung Philippines is introducing its 'Capture the Night' campaign that offers its Galaxy J7 Pro at 0% interest through a partnership with Home Credit — a global Fintech company that aids consumers in getting a new handset through installment.,"The retrieved page shows that financing for the Samsung Galaxy J7 Pro at 0% interest is offered through a partnership with Home Credit, a separate fintech company. Yugatech reports this information but does not itself provide, finance, underwrite, lease, or sell smartphones on installments. Therefore, Yugatech is correctly categorized as partner_only since it informs customers about a financing offer provided by a third party."
digimall.faysalbank.com,True,0.85,provider,https://digimall.faysalbank.com/samsung-galaxy-a26-5g-white-256gb-8gb-ram-on-installments-saade-3-months-0-percent-profit-product-available-on-48-months-installment,Samsung Galaxy A26 5G-White-256GB - 8GB RAM - On Installments -SaadE ( 3 Months 0% Percent Profit Product Available On 48 Months Installment ),"The page explicitly advertises a smartphone product sold on installment plans, mentioning 0% profit for 3 months and availability on 48 months installments. This directly indicates the company/domain provides smartphone financing services."
scribd.com,True,0.7,unknown,https://www.scribd.com/document/866356761/Samsung-Mobile-Installment-Rates-01-05-2025 | https://fr.scribd.com/document/876922045/Guide-Acheter-Alibaba-Mali | https://fr.scribd.com/document/721231200/Fiscalite,"The document lists various Samsung camera models with specifications including display size, pixel density, battery capacity, and pricing. Each model has associated prices for both a 12-month installment plan and a first installment amount. | The document provides a guide on purchasing from Alibaba and AliExpress in Mali including account creation, product search, payment methods, and delivery options. | The document deals with the practical taxation of businesses in Côte d'Ivoire covering fundamental tax concepts and different tax regimes.","Although there is a document listing Samsung mobile installment plans on Scribd, there is no evidence that the company or domain 'scribd.com' itself is the provider, financer, or seller of smartphones on installments. The other documents are unrelated. Therefore, based on the given retrieved pages, the entity type is unknown."
alfamall.com,,0.0,unknown,,,No relevant evidence pages were retrieved for validation.
un.org,,0.0,unknown,,,"Domain pages were present, but none contained indexable text for validation."
cdn.climatepolicyradar.org,,0.0,unknown,,,"Domain pages were present, but none contained indexable text for validation."
ubagabon.com,,0.0,unknown,,,"Domain pages were present, but none contained indexable text for validation."
ecobank.com,False,0.5,unknown,https://ecobank.com/ml/personal-banking/countries | https://ecobank.com/personaloans.aspx,Ecobank - Country A regional commercial bank operating in many African countries. | Ecobank - Crédits A regional commercial bank operating in many African countries.,"The provided pages contain no explicit information indicating that Ecobank directly offers smartphone financing, leases, or sells smartphones on installments. There is also no mention of the company acting as an aggregator or a partner-only referring to third-party financing. Therefore, the entity type is best categorized as unknown with the current evidence."
smartmobilefinance.com,True,0.8,provider,https://smartmobilefinance.com/blogs,"Phone financing helps retailers sell more devices, move inventory faster, and serve customers who cannot pay ... If you sell smartphones on installments, you may have heard about Google DLC. Many retailers and device financing companies search for it when looking for a secure way to manage financed Android devices.","Based on the provided page content, Smartmobilefinance directly offers or supports phone financing services, including installment sales and financing management, indicating that it is a provider of smartphone financing services rather than just linking to or aggregating financing options."
credlockng.com,True,0.9,provider,https://credlockng.com/,"SMARTPHONE FINANCING Get the phone you want, pay small small. Spread the cost of your dream device over 6 months with 5% interest. Just a low upfront payment gets you started. Low Initial Payment Start with just 20-30% down payment Zero Interest Pay exactly the device price, no hidden fees Instant Approval Walk out with your new phone in minutes","The evidence from the retrieved page clearly shows that Credlock offers smartphone financing directly to customers with installment plans and terms. This meets the criteria for 'provider' as they finance and sell smartphones on installments themselves rather than acting as a marketplace, partner, or aggregator only."
sgg-mali.ml,,0.0,unknown,,,"Domain pages were present, but none contained indexable text for validation."
wto.org,,0.0,unknown,,,"Domain pages were present, but none contained indexable text for validation."
bfin.brvm.org,,0.0,unknown,,,"Domain pages were present, but none contained indexable text for validation."
tillpaid.com,False,0.2,unknown,https://tillpaid.com/product-tag/moov-money-mali,paiement mobile site paiement mobile plugin paiement mobile site paiement sécurisé plugin paiement mobile site financement public plugin paiement mobile site financement privé plugin paiement mobile site crédit plugin paiement mobile site prêt,"The retrieved page consists mainly of repeated generic terms related to mobile payments and financing, with no explicit statement that Tillpaid directly offers smartphone financing services. It is insufficient evidence to classify the company as a 'provider', 'aggregator', or 'partner_only'. Therefore, entity type is set to 'unknown'."
bamako-incubateur.org,False,0.1,unknown,https://bamako-incubateur.org/,"Bamako Incubateur/Groupe Eureka M.Bréhima Guindo brehima.guindo@bamako-incubateur.org info@bamako-incubateur.org Les Intervenants Biographie des Intervenants Nos Partenaires Actualités Après So-Dôkôtôrô, une autre start-up malienne au-devant de la scène internationale la signature de la convention de financement de dix startup Bamako incubateur et ses jeunes start-ups marquent leur présence !","The retrieved page from the provided domain does not contain any direct evidence that the company offers smartphone financing or related installment services. The focus is on incubation and supporting startups without explicit smartphone financing. Thus, the entity type cannot be confirmed as provider, aggregator, or partner_only and is labeled as unknown with a low confidence."
imf.org,,0.0,unknown,,,"Domain pages were present, but none contained indexable text for validation."
chaberlin.org,,0.0,unknown,,,"Domain pages were present, but none contained indexable text for validation."
p4h.world,,0.0,unknown,,,"Domain pages were present, but none contained indexable text for validation."
hydrometmali.org,,0.0,unknown,,,"Domain pages were present, but none contained indexable text for validation."
republicoftogo.com,,0.0,unknown,,,No relevant evidence pages were retrieved for validation.
ceoafrique.com,,0.0,unknown,,,No relevant evidence pages were retrieved for validation.
webapps.ifad.org,,0.0,unknown,,,"Domain pages were present, but none contained indexable text for validation."
isdb.org,,0.0,unknown,,,"Domain pages were present, but none contained indexable text for validation."
housingfinanceafrica.org,True,0.8,unknown,https://housingfinanceafrica.org/fr/country-detail/mali,les modalités d’accès au crédit immobilier rendent le logement inabordable pour une majorité de Maliens.,"The retrieved page only addresses housing finance topics and provides no indication that the company or domain directly offers, finances, underwrites, leases, or sells smartphone financing or related services. Therefore, the entity type is categorized as unknown due to insufficient evidence relevant to smartphone financing."
uneca.org,,0.0,unknown,,,"Domain pages were present, but none contained indexable text for validation."
trust-fund-for-africa.europa.eu,False,0.9,unknown,https://trust-fund-for-africa.europa.eu/where-we-work/regions-countries/sahel-lake-chad/mali/en,Contribuer à la lutte contre la pauvreté et au développement durable de la population du Mali par la mise en valeur de la chaine de valeur de l’anacarde. ... Partenaire Agence Française de Développement ... Contribuer à la mise en œuvre de l’Accord pour la paix et la réconciliation ... Contribuer au renforcement de la gestion et gouvernance des migrations ...,"The retrieved page discusses various development and economic support projects in Africa by the European Union and partners, focusing on poverty, migration, and local economic enhancement. There is no indication that the EU or this domain directly offers smartphone financing or related services. Therefore, the company/domain does not meet the criteria for provider, aggregator, or partner_only. The evidence is insufficient and unrelated to smartphone financing."
croissanceafrique.com,False,0.1,unknown,https://croissanceafrique.com/mali-banque-atlantique-lance-atlantique-mobile-une-application-totalement-gratuite,onnecter / rejoindre S'abonner ECONOMIES Banques-Assurance ASSURANCES BANQUES BOURSES ET MARCHÉS DATA & INFOGRAPHIES PRIVATE EQUITY ...,"Based on the provided retrieved page, there is no explicit or implicit evidence that croissanceafrique.com directly provides, finances, underwrites, leases, or sells smartphone financing services. The page content focuses on banking and economic news unrelated to smartphone financing. Therefore, the entity type is classified as 'unknown' due to lack of sufficient evidence."
